store_id,chain,store_name,sale_start,sale_end,product_name,specification,price_ex_tax_yen,price_in_tax_yen,tax_rate,promotion,category,availability_rule,scope_level,source_type,validation_status,source_url,source_image,source_fingerprint,verification_note
life_hikawadai,ライフ,氷川台店,2026-09-12,2026-09-14,玉ねぎ（お得用）,1袋,290,313,0.08,,青果,,verified_snapshot,local_original_visual_verified,verified,https://tokubai.co.jp/transit/rail_lines/station_groups/5171/leaflet,e30a242f248b50e5f0f3.jpg|abb0949e11a5f2d78ca6.jpg,324a71fbe3f0683159ae6f12160e40c81c9f032fb4925ca9f80c3c796f4d3355,current-issue-general-9/12-9/14-visual-check
life_hikawadai,ライフ,氷川台店,2026-09-12,2026-09-14,じゃがいも（お得用）,1袋,290,313,0.08,,青果,,verified_snapshot,local_original_visual_verified,verified,https://tokubai.co.jp/transit/rail_lines/station_groups/5171/leaflet,e30a242f248b50e5f0f3.jpg|abb0949e11a5f2d78ca6.jpg,324a71fbe3f0683159ae6f12160e40c81c9f032fb4925ca9f80c3c796f4d3355,current-issue-general-9/12-9/14-visual-check
life_hikawadai,ライフ,氷川台店,2026-09-12,2026-09-14,にんじん（お得用）,1袋,290,313,0.08,,青果,,verified_snapshot,local_original_visual_verified,verified,https://tokubai.co.jp/transit/rail_lines/station_groups/5171/leaflet,e30a242f248b50e5f0f3.jpg|abb0949e11a5f2d78ca6.jpg,324a71fbe3f0683159ae6f12160e40c81c9f032fb4925ca9f80c3c796f4d3355,current-issue-general-9/12-9/14-visual-check
life_hikawadai,ライフ,氷川台店,2026-09-12,2026-09-14,ブロッコリー,1株,188,203,0.08,,青果,,verified_snapshot,local_original_visual_verified,verified,https://tokubai.co.jp/transit/rail_lines/station_groups/5171/leaflet,e30a242f248b50e5f0f3.jpg|abb0949e11a5f2d78ca6.jpg,324a71fbe3f0683159ae6f12160e40c81c9f032fb4925ca9f80c3c796f4d3355,current-issue-general-9/12-9/14-visual-check
life_hikawadai,ライフ,氷川台店,2026-09-12,2026-09-14,長ねぎ（2本入）,1束,188,203,0.08,,青果,,verified_snapshot,local_original_visual_verified,verified,https://tokubai.co.jp/transit/rail_lines/station_groups/5171/leaflet,e30a242f248b50e5f0f3.jpg|abb0949e11a5f2d78ca6.jpg,324a71fbe3f0683159ae6f12160e40c81c9f032fb4925ca9f80c3c796f4d3355,current-issue-general-9/12-9/14-visual-check
life_hikawadai,ライフ,氷川台店,2026-09-12,2026-09-14,甘さたっぷりミニトマト（赤）,1パック,298,321,0.08,,青果,,verified_snapshot,local_original_visual_verified,verified,https://tokubai.co.jp/transit/rail_lines/station_groups/5171/leaflet,e30a242f248b50e5f0f3.jpg|abb0949e11a5f2d78ca6.jpg,324a71fbe3f0683159ae6f12160e40c81c9f032fb4925ca9f80c3c796f4d3355,current-issue-general-9/12-9/14-visual-check
life_hikawadai,ライフ,氷川台店,2026-09-12,2026-09-14,そらち南トマト,1パック,498,537,0.08,,青果,,verified_snapshot,local_original_visual_verified,verified,https://tokubai.co.jp/transit/rail_lines/station_groups/5171/leaflet,e30a242f248b50e5f0f3.jpg|abb0949e11a5f2d78ca6.jpg,324a71fbe3f0683159ae6f12160e40c81c9f032fb4925ca9f80c3c796f4d3355,current-issue-general-9/12-9/14-visual-check
life_hikawadai,ライフ,氷川台店,2026-09-12,2026-09-14,生プルーン,1パック,498,537,0.08,,青果,,verified_snapshot,local_original_visual_verified,verified,https://tokubai.co.jp/transit/rail_lines/station_groups/5171/leaflet,e30a242f248b50e5f0f3.jpg|abb0949e11a5f2d78ca6.jpg,324a71fbe3f0683159ae6f12160e40c81c9f032fb4925ca9f80c3c796f4d3355,current-issue-general-9/12-9/14-visual-check
life_hikawadai,ライフ,氷川台店,2026-09-12,2026-09-14,栗まさるマロン南瓜,100g当り,59,63,0.08,,青果,,verified_snapshot,local_original_visual_verified,verified,https://tokubai.co.jp/transit/rail_lines/station_groups/5171/leaflet,e30a242f248b50e5f0f3.jpg|abb0949e11a5f2d78ca6.jpg,324a71fbe3f0683159ae6f12160e40c81c9f032fb4925ca9f80c3c796f4d3355,current-issue-general-9/12-9/14-visual-check
life_hikawadai,ライフ,氷川台店,2026-09-12,2026-09-14,北海道産帆立入り海鮮丼,1パック,999,1078,0.08,,惣菜,,verified_snapshot,local_original_visual_verified,verified,https://tokubai.co.jp/transit/rail_lines/station_groups/5171/leaflet,e30a242f248b50e5f0f3.jpg|abb0949e11a5f2d78ca6.jpg,324a71fbe3f0683159ae6f12160e40c81c9f032fb4925ca9f80c3c796f4d3355,current-issue-general-9/12-9/14-visual-check
life_hikawadai,ライフ,氷川台店,2026-09-12,2026-09-14,北海道産帆立入りにぎり盛り合わせ,1パック（1人前）,999,1078,0.08,,寿司,,verified_snapshot,local_original_visual_verified,verified,https://tokubai.co.jp/transit/rail_lines/station_groups/5171/leaflet,e30a242f248b50e5f0f3.jpg|abb0949e11a5f2d78ca6.jpg,324a71fbe3f0683159ae6f12160e40c81c9f032fb4925ca9f80c3c796f4d3355,current-issue-general-9/12-9/14-visual-check
life_hikawadai,ライフ,氷川台店,2026-09-12,2026-09-14,北海道産帆立入りにぎり盛り合わせ,1パック（2人前）,1980,2138,0.08,,寿司,,verified_snapshot,local_original_visual_verified,verified,https://tokubai.co.jp/transit/rail_lines/station_groups/5171/leaflet,e30a242f248b50e5f0f3.jpg|abb0949e11a5f2d78ca6.jpg,324a71fbe3f0683159ae6f12160e40c81c9f032fb4925ca9f80c3c796f4d3355,current-issue-general-9/12-9/14-visual-check
life_hikawadai,ライフ,氷川台店,2026-09-12,2026-09-14,げんこつ鶏ザンギ,100g当り,259,279,0.08,,惣菜,,verified_snapshot,local_original_visual_verified,verified,https://tokubai.co.jp/transit/rail_lines/station_groups/5171/leaflet,e30a242f248b50e5f0f3.jpg|abb0949e11a5f2d78ca6.jpg,324a71fbe3f0683159ae6f12160e40c81c9f032fb4925ca9f80c3c796f4d3355,current-issue-general-9/12-9/14-visual-check
life_hikawadai,ライフ,氷川台店,2026-09-12,2026-09-14,自社製タルタルソースで食べる北海道産鱈フライ,1パック,390,421,0.08,,惣菜,,verified_snapshot,local_original_visual_verified,verified,https://tokubai.co.jp/transit/rail_lines/station_groups/5171/leaflet,e30a242f248b50e5f0f3.jpg|abb0949e11a5f2d78ca6.jpg,324a71fbe3f0683159ae6f12160e40c81c9f032fb4925ca9f80c3c796f4d3355,current-issue-general-9/12-9/14-visual-check
life_hikawadai,ライフ,氷川台店,2026-09-12,2026-09-14,豚丼（ソラチのたれ使用）,1パック,699,754,0.08,,惣菜,,verified_snapshot,local_original_visual_verified,verified,https://tokubai.co.jp/transit/rail_lines/station_groups/5171/leaflet,e30a242f248b50e5f0f3.jpg|abb0949e11a5f2d78ca6.jpg,324a71fbe3f0683159ae6f12160e40c81c9f032fb4925ca9f80c3c796f4d3355,current-issue-general-9/12-9/14-visual-check
life_hikawadai,ライフ,氷川台店,2026-09-12,2026-09-14,北海道産あまに豚入り よくばりカレー,1パック,590,637,0.08,,惣菜,,verified_snapshot,local_original_visual_verified,verified,https://tokubai.co.jp/transit/rail_lines/station_groups/5171/leaflet,e30a242f248b50e5f0f3.jpg|abb0949e11a5f2d78ca6.jpg,324a71fbe3f0683159ae6f12160e40c81c9f032fb4925ca9f80c3c796f4d3355,current-issue-general-9/12-9/14-visual-check
life_hikawadai,ライフ,氷川台店,2026-09-12,2026-09-14,北海道産じゃが芋コロッケ（あまに豚入り）,1袋（5コ入）,280,302,0.08,,惣菜,,verified_snapshot,local_original_visual_verified,verified,https://tokubai.co.jp/transit/rail_lines/station_groups/5171/leaflet,e30a242f248b50e5f0f3.jpg|abb0949e11a5f2d78ca6.jpg,324a71fbe3f0683159ae6f12160e40c81c9f032fb4925ca9f80c3c796f4d3355,current-issue-general-9/12-9/14-visual-check
life_hikawadai,ライフ,氷川台店,2026-09-12,2026-09-14,北海道名物 豚丼のたれ,108g,199,214,0.08,,調味料,,verified_snapshot,local_original_visual_verified,verified,https://tokubai.co.jp/transit/rail_lines/station_groups/5171/leaflet,e30a242f248b50e5f0f3.jpg|abb0949e11a5f2d78ca6.jpg,324a71fbe3f0683159ae6f12160e40c81c9f032fb4925ca9f80c3c796f4d3355,current-issue-general-9/12-9/14-visual-check
life_hikawadai,ライフ,氷川台店,2026-09-12,2026-09-14,北海道コーンもっち〜,1袋（5コ入）,348,375,0.08,,惣菜,,verified_snapshot,local_original_visual_verified,verified,https://tokubai.co.jp/transit/rail_lines/station_groups/5171/leaflet,e30a242f248b50e5f0f3.jpg|abb0949e11a5f2d78ca6.jpg,324a71fbe3f0683159ae6f12160e40c81c9f032fb4925ca9f80c3c796f4d3355,current-issue-general-9/12-9/14-visual-check
life_hikawadai,ライフ,氷川台店,2026-09-12,2026-09-14,ちくわパン（ツナ）,1コ,228,246,0.08,,ベーカリー,,verified_snapshot,local_original_visual_verified,verified,https://tokubai.co.jp/transit/rail_lines/station_groups/5171/leaflet,e30a242f248b50e5f0f3.jpg|abb0949e11a5f2d78ca6.jpg,324a71fbe3f0683159ae6f12160e40c81c9f032fb4925ca9f80c3c796f4d3355,current-issue-general-9/12-9/14-visual-check
life_hikawadai,ライフ,氷川台店,2026-09-12,2026-09-14,北海道産帆立照焼き重,1パック,880,950,0.08,,惣菜,,verified_snapshot,local_original_visual_verified,verified,https://tokubai.co.jp/transit/rail_lines/station_groups/5171/leaflet,e30a242f248b50e5f0f3.jpg|abb0949e11a5f2d78ca6.jpg,324a71fbe3f0683159ae6f12160e40c81c9f032fb4925ca9f80c3c796f4d3355,current-issue-general-9/12-9/14-visual-check
life_hikawadai,ライフ,氷川台店,2026-09-12,2026-09-14,北海道産帆立＆コーン使用の塩焼きそば,1パック,550,594,0.08,,惣菜,,verified_snapshot,local_original_visual_verified,verified,https://tokubai.co.jp/transit/rail_lines/station_groups/5171/leaflet,e30a242f248b50e5f0f3.jpg|abb0949e11a5f2d78ca6.jpg,324a71fbe3f0683159ae6f12160e40c81c9f032fb4925ca9f80c3c796f4d3355,current-issue-general-9/12-9/14-visual-check
life_hikawadai,ライフ,氷川台店,2026-09-12,2026-09-14,北海道産3種チーズ＆コーンのグラタン,1パック,459,495,0.08,,惣菜,,verified_snapshot,local_original_visual_verified,verified,https://tokubai.co.jp/transit/rail_lines/station_groups/5171/leaflet,e30a242f248b50e5f0f3.jpg|abb0949e11a5f2d78ca6.jpg,324a71fbe3f0683159ae6f12160e40c81c9f032fb4925ca9f80c3c796f4d3355,current-issue-general-9/12-9/14-visual-check
life_hikawadai,ライフ,氷川台店,2026-09-12,2026-09-14,北海道産ポテトとサーモンのチーズ焼き,1パック（3コ）,499,538,0.08,,惣菜,,verified_snapshot,local_original_visual_verified,verified,https://tokubai.co.jp/transit/rail_lines/station_groups/5171/leaflet,e30a242f248b50e5f0f3.jpg|abb0949e11a5f2d78ca6.jpg,324a71fbe3f0683159ae6f12160e40c81c9f032fb4925ca9f80c3c796f4d3355,current-issue-general-9/12-9/14-visual-check
life_hikawadai,ライフ,氷川台店,2026-09-12,2026-09-14,じゃがベーコン,1コ,198,213,0.08,,ベーカリー,,verified_snapshot,local_original_visual_verified,verified,https://tokubai.co.jp/transit/rail_lines/station_groups/5171/leaflet,e30a242f248b50e5f0f3.jpg|abb0949e11a5f2d78ca6.jpg,324a71fbe3f0683159ae6f12160e40c81c9f032fb4925ca9f80c3c796f4d3355,current-issue-general-9/12-9/14-visual-check
life_hikawadai,ライフ,氷川台店,2026-09-12,2026-09-14,長沼じんぎすかん ラム味付,350g,890,961,0.08,,精肉,,verified_snapshot,local_original_visual_verified,verified,https://tokubai.co.jp/transit/rail_lines/station_groups/5171/leaflet,e30a242f248b50e5f0f3.jpg|abb0949e11a5f2d78ca6.jpg,324a71fbe3f0683159ae6f12160e40c81c9f032fb4925ca9f80c3c796f4d3355,current-issue-general-9/12-9/14-visual-check
life_hikawadai,ライフ,氷川台店,2026-09-12,2026-09-12,スマイルライフ 生切り餅,1kg,748,807,0.08,,食品,,verified_snapshot,current_flyer_daily_visual_verified,verified,https://tokubai.co.jp/transit/rail_lines/station_groups/5171/leaflet,e30a242f248b50e5f0f3.jpg|abb0949e11a5f2d78ca6.jpg,e62f32dd059cff1ca9f5ad730a6332baea6137cea78812572e40dbca5426b609,current-Life-daily-panel-2026-09-12-visual-check
life_hikawadai,ライフ,氷川台店,2026-09-12,2026-09-12,伊藤園 ビタミン野菜／1日分の野菜,各1ケース（200ml×12本）,798,861,0.08,,飲料,,verified_snapshot,current_flyer_daily_visual_verified,verified,https://tokubai.co.jp/transit/rail_lines/station_groups/5171/leaflet,e30a242f248b50e5f0f3.jpg|abb0949e11a5f2d78ca6.jpg,e62f32dd059cff1ca9f5ad730a6332baea6137cea78812572e40dbca5426b609,current-Life-daily-panel-2026-09-12-visual-check
life_hikawadai,ライフ,氷川台店,2026-09-12,2026-09-12,大王製紙 エリエール トイレットティシュー（シングル／ダブル）,各12ロール,598,657,0.1,,日用品,,verified_snapshot,current_flyer_daily_visual_verified,verified,https://tokubai.co.jp/transit/rail_lines/station_groups/5171/leaflet,e30a242f248b50e5f0f3.jpg|abb0949e11a5f2d78ca6.jpg,e62f32dd059cff1ca9f5ad730a6332baea6137cea78812572e40dbca5426b609,current-Life-daily-panel-2026-09-12-visual-check
life_hikawadai,ライフ,氷川台店,2026-09-12,2026-09-12,レタス,1コ,158,170,0.08,,青果,,verified_snapshot,current_flyer_daily_visual_verified,verified,https://tokubai.co.jp/transit/rail_lines/station_groups/5171/leaflet,e30a242f248b50e5f0f3.jpg|abb0949e11a5f2d78ca6.jpg,e62f32dd059cff1ca9f5ad730a6332baea6137cea78812572e40dbca5426b609,current-Life-daily-panel-2026-09-12-visual-check
life_hikawadai,ライフ,氷川台店,2026-09-12,2026-09-12,ハウス バーモントカレー／完熟トマトのハヤシライスソース,各1個,199,214,0.08,,加工食品,,verified_snapshot,current_flyer_daily_visual_verified,verified,https://tokubai.co.jp/transit/rail_lines/station_groups/5171/leaflet,e30a242f248b50e5f0f3.jpg|abb0949e11a5f2d78ca6.jpg,e62f32dd059cff1ca9f5ad730a6332baea6137cea78812572e40dbca5426b609,current-Life-daily-panel-2026-09-12-visual-check
life_hikawadai,ライフ,氷川台店,2026-09-12,2026-09-12,デルモンテ トマトケチャップ／リコピンリッチ トマトケチャップ,各1本,199,214,0.08,,調味料,,verified_snapshot,current_flyer_daily_visual_verified,verified,https://tokubai.co.jp/transit/rail_lines/station_groups/5171/leaflet,e30a242f248b50e5f0f3.jpg|abb0949e11a5f2d78ca6.jpg,e62f32dd059cff1ca9f5ad730a6332baea6137cea78812572e40dbca5426b609,current-Life-daily-panel-2026-09-12-visual-check
life_hikawadai,ライフ,氷川台店,2026-09-12,2026-09-12,紀文 だしおでん,390g×2,438,473,0.08,,日配食品,,verified_snapshot,current_flyer_daily_visual_verified,verified,https://tokubai.co.jp/transit/rail_lines/station_groups/5171/leaflet,e30a242f248b50e5f0f3.jpg|abb0949e11a5f2d78ca6.jpg,e62f32dd059cff1ca9f5ad730a6332baea6137cea78812572e40dbca5426b609,current-Life-daily-panel-2026-09-12-visual-check
life_hikawadai,ライフ,氷川台店,2026-09-12,2026-09-12,日清製粉ウェルナ もちっと生パスタ クリーミーボロネーゼ,1人前,158,170,0.08,,冷凍食品,,verified_snapshot,current_flyer_daily_visual_verified,verified,https://tokubai.co.jp/transit/rail_lines/station_groups/5171/leaflet,e30a242f248b50e5f0f3.jpg|abb0949e11a5f2d78ca6.jpg,e62f32dd059cff1ca9f5ad730a6332baea6137cea78812572e40dbca5426b609,current-Life-daily-panel-2026-09-12-visual-check
life_hikawadai,ライフ,氷川台店,2026-09-12,2026-09-12,中国産 うなぎ長焼,1尾,880,950,0.08,,鮮魚,,verified_snapshot,current_flyer_daily_visual_verified,verified,https://tokubai.co.jp/transit/rail_lines/station_groups/5171/leaflet,e30a242f248b50e5f0f3.jpg|abb0949e11a5f2d78ca6.jpg,e62f32dd059cff1ca9f5ad730a6332baea6137cea78812572e40dbca5426b609,current-Life-daily-panel-2026-09-12-visual-check
life_hikawadai,ライフ,氷川台店,2026-09-12,2026-09-12,P&G ファブリーズ W除菌 詰替,320ml,278,305,0.1,,日用品,,verified_snapshot,current_flyer_daily_visual_verified,verified,https://tokubai.co.jp/transit/rail_lines/station_groups/5171/leaflet,e30a242f248b50e5f0f3.jpg|abb0949e11a5f2d78ca6.jpg,e62f32dd059cff1ca9f5ad730a6332baea6137cea78812572e40dbca5426b609,current-Life-daily-panel-2026-09-12-visual-check
life_hikawadai,ライフ,氷川台店,2026-09-13,2026-09-13,マルちゃん 焼そば／期間限定ほたてバター醤油味,各3人前,179,193,0.08,,麺類,,verified_snapshot,current_flyer_daily_visual_verified,verified,https://tokubai.co.jp/transit/rail_lines/station_groups/5171/leaflet,e30a242f248b50e5f0f3.jpg|abb0949e11a5f2d78ca6.jpg,06d7cb799d5343d7ee2505ba81987d1edee4f90e5c14536a1f38e9a93ea6e245,current-Life-daily-panel-2026-09-13-visual-check
life_hikawadai,ライフ,氷川台店,2026-09-13,2026-09-13,UCC ザ・ブレンド 114／117,各70g,478,516,0.08,,飲料,,verified_snapshot,current_flyer_daily_visual_verified,verified,https://tokubai.co.jp/transit/rail_lines/station_groups/5171/leaflet,e30a242f248b50e5f0f3.jpg|abb0949e11a5f2d78ca6.jpg,06d7cb799d5343d7ee2505ba81987d1edee4f90e5c14536a1f38e9a93ea6e245,current-Life-daily-panel-2026-09-13-visual-check
life_hikawadai,ライフ,氷川台店,2026-09-13,2026-09-13,P&G ボールド ジェル 詰替超特大,690g,328,360,0.1,,日用品,,verified_snapshot,current_flyer_daily_visual_verified,verified,https://tokubai.co.jp/transit/rail_lines/station_groups/5171/leaflet,e30a242f248b50e5f0f3.jpg|abb0949e11a5f2d78ca6.jpg,06d7cb799d5343d7ee2505ba81987d1edee4f90e5c14536a1f38e9a93ea6e245,current-Life-daily-panel-2026-09-13-visual-check
life_hikawadai,ライフ,氷川台店,2026-09-13,2026-09-13,マルちゃん 赤いきつねうどん／緑のたぬき天そば／焼そば,各1個,109,117,0.08,,加工食品,,verified_snapshot,current_flyer_daily_visual_verified,verified,https://tokubai.co.jp/transit/rail_lines/station_groups/5171/leaflet,e30a242f248b50e5f0f3.jpg|abb0949e11a5f2d78ca6.jpg,06d7cb799d5343d7ee2505ba81987d1edee4f90e5c14536a1f38e9a93ea6e245,current-Life-daily-panel-2026-09-13-visual-check
life_hikawadai,ライフ,氷川台店,2026-09-13,2026-09-13,キユーピー マヨネーズ／ハーフ,450g／400g,278,300,0.08,,調味料,,verified_snapshot,current_flyer_daily_visual_verified,verified,https://tokubai.co.jp/transit/rail_lines/station_groups/5171/leaflet,e30a242f248b50e5f0f3.jpg|abb0949e11a5f2d78ca6.jpg,06d7cb799d5343d7ee2505ba81987d1edee4f90e5c14536a1f38e9a93ea6e245,current-Life-daily-panel-2026-09-13-visual-check
life_hikawadai,ライフ,氷川台店,2026-09-13,2026-09-13,マルちゃん あったかごはん,200g×5個,698,753,0.08,,米飯,,verified_snapshot,current_flyer_daily_visual_verified,verified,https://tokubai.co.jp/transit/rail_lines/station_groups/5171/leaflet,e30a242f248b50e5f0f3.jpg|abb0949e11a5f2d78ca6.jpg,06d7cb799d5343d7ee2505ba81987d1edee4f90e5c14536a1f38e9a93ea6e245,current-Life-daily-panel-2026-09-13-visual-check
life_hikawadai,ライフ,氷川台店,2026-09-13,2026-09-13,キッコーマン 調製豆乳／無調整豆乳／特濃調製豆乳,各1000ml,198,213,0.08,,飲料,,verified_snapshot,current_flyer_daily_visual_verified,verified,https://tokubai.co.jp/transit/rail_lines/station_groups/5171/leaflet,e30a242f248b50e5f0f3.jpg|abb0949e11a5f2d78ca6.jpg,06d7cb799d5343d7ee2505ba81987d1edee4f90e5c14536a1f38e9a93ea6e245,current-Life-daily-panel-2026-09-13-visual-check
life_hikawadai,ライフ,氷川台店,2026-09-13,2026-09-13,地中海産 本まぐろ赤身（養殖・解凍）サク,100g当り,798,861,0.08,,鮮魚,,verified_snapshot,current_flyer_daily_visual_verified,verified,https://tokubai.co.jp/transit/rail_lines/station_groups/5171/leaflet,e30a242f248b50e5f0f3.jpg|abb0949e11a5f2d78ca6.jpg,06d7cb799d5343d7ee2505ba81987d1edee4f90e5c14536a1f38e9a93ea6e245,current-Life-daily-panel-2026-09-13-visual-check
life_hikawadai,ライフ,氷川台店,2026-09-13,2026-09-13,なす,1袋,198,213,0.08,,青果,,verified_snapshot,current_flyer_daily_visual_verified,verified,https://tokubai.co.jp/transit/rail_lines/station_groups/5171/leaflet,e30a242f248b50e5f0f3.jpg|abb0949e11a5f2d78ca6.jpg,06d7cb799d5343d7ee2505ba81987d1edee4f90e5c14536a1f38e9a93ea6e245,current-Life-daily-panel-2026-09-13-visual-check
life_hikawadai,ライフ,氷川台店,2026-09-13,2026-09-13,ぶなしめじ,1パック,99,106,0.08,,青果,,verified_snapshot,current_flyer_daily_visual_verified,verified,https://tokubai.co.jp/transit/rail_lines/station_groups/5171/leaflet,e30a242f248b50e5f0f3.jpg|abb0949e11a5f2d78ca6.jpg,06d7cb799d5343d7ee2505ba81987d1edee4f90e5c14536a1f38e9a93ea6e245,current-Life-daily-panel-2026-09-13-visual-check
life_hikawadai,ライフ,氷川台店,2026-09-13,2026-09-13,ピーマン（大容量）,1袋,358,386,0.08,,青果,,verified_snapshot,current_flyer_daily_visual_verified,verified,https://tokubai.co.jp/transit/rail_lines/station_groups/5171/leaflet,e30a242f248b50e5f0f3.jpg|abb0949e11a5f2d78ca6.jpg,06d7cb799d5343d7ee2505ba81987d1edee4f90e5c14536a1f38e9a93ea6e245,current-Life-daily-panel-2026-09-13-visual-check
life_hikawadai,ライフ,氷川台店,2026-09-13,2026-09-13,国内産 若どりむね肉,100g当り,69,74,0.08,,精肉,,verified_snapshot,current_flyer_daily_visual_verified,verified,https://tokubai.co.jp/transit/rail_lines/station_groups/5171/leaflet,e30a242f248b50e5f0f3.jpg|abb0949e11a5f2d78ca6.jpg,06d7cb799d5343d7ee2505ba81987d1edee4f90e5c14536a1f38e9a93ea6e245,current-Life-daily-panel-2026-09-13-visual-check
life_hikawadai,ライフ,氷川台店,2026-09-13,2026-09-13,ナガノパープル,1房,1280,1382,0.08,,青果,,verified_snapshot,current_flyer_daily_visual_verified,verified,https://tokubai.co.jp/transit/rail_lines/station_groups/5171/leaflet,e30a242f248b50e5f0f3.jpg|abb0949e11a5f2d78ca6.jpg,06d7cb799d5343d7ee2505ba81987d1edee4f90e5c14536a1f38e9a93ea6e245,current-Life-daily-panel-2026-09-13-visual-check
life_hikawadai,ライフ,氷川台店,2026-09-13,2026-09-13,バナナ／アボカド,各1コ,100,108,0.08,,青果,,verified_snapshot,current_flyer_daily_visual_verified,verified,https://tokubai.co.jp/transit/rail_lines/station_groups/5171/leaflet,e30a242f248b50e5f0f3.jpg|abb0949e11a5f2d78ca6.jpg,06d7cb799d5343d7ee2505ba81987d1edee4f90e5c14536a1f38e9a93ea6e245,current-Life-daily-panel-2026-09-13-visual-check
life_hikawadai,ライフ,氷川台店,2026-09-14,2026-09-14,国内産若どりカタ肉（解凍品）／あまに豚挽肉,各100g当り,99,106,0.08,,精肉,,verified_snapshot,current_flyer_daily_visual_verified,verified,https://tokubai.co.jp/transit/rail_lines/station_groups/5171/leaflet,e30a242f248b50e5f0f3.jpg|abb0949e11a5f2d78ca6.jpg,fa07ae6f865ca00ae0169ee16d06368e644b5c4f093c2f1f281ad18c58eac8f5,current-Life-daily-panel-2026-09-14-visual-check
life_hikawadai,ライフ,氷川台店,2026-09-14,2026-09-14,ほうれん草,1袋,178,192,0.08,,青果,,verified_snapshot,current_flyer_daily_visual_verified,verified,https://tokubai.co.jp/transit/rail_lines/station_groups/5171/leaflet,e30a242f248b50e5f0f3.jpg|abb0949e11a5f2d78ca6.jpg,fa07ae6f865ca00ae0169ee16d06368e644b5c4f093c2f1f281ad18c58eac8f5,current-Life-daily-panel-2026-09-14-visual-check
life_hikawadai,ライフ,氷川台店,2026-09-14,2026-09-14,蒸しベビーほたて（解凍・生食用）,100g当り,390,421,0.08,,鮮魚,,verified_snapshot,current_flyer_daily_visual_verified,verified,https://tokubai.co.jp/transit/rail_lines/station_groups/5171/leaflet,e30a242f248b50e5f0f3.jpg|abb0949e11a5f2d78ca6.jpg,fa07ae6f865ca00ae0169ee16d06368e644b5c4f093c2f1f281ad18c58eac8f5,current-Life-daily-panel-2026-09-14-visual-check
life_hikawadai,ライフ,氷川台店,2026-09-14,2026-09-14,染みタレメンチカツ丼／牛カルビささがきごぼう丼,各1パック,399,430,0.08,,惣菜,,verified_snapshot,current_flyer_daily_visual_verified,verified,https://tokubai.co.jp/transit/rail_lines/station_groups/5171/leaflet,e30a242f248b50e5f0f3.jpg|abb0949e11a5f2d78ca6.jpg,fa07ae6f865ca00ae0169ee16d06368e644b5c4f093c2f1f281ad18c58eac8f5,current-Life-daily-panel-2026-09-14-visual-check
life_hikawadai,ライフ,氷川台店,2026-09-14,2026-09-14,はごろもフーズ シーチキン Lフレーク,70g×4缶,438,473,0.08,,加工食品,,verified_snapshot,current_flyer_daily_visual_verified,verified,https://tokubai.co.jp/transit/rail_lines/station_groups/5171/leaflet,e30a242f248b50e5f0f3.jpg|abb0949e11a5f2d78ca6.jpg,fa07ae6f865ca00ae0169ee16d06368e644b5c4f093c2f1f281ad18c58eac8f5,current-Life-daily-panel-2026-09-14-visual-check
life_hikawadai,ライフ,氷川台店,2026-09-14,2026-09-14,はごろもフーズ オイル不使用シーチキンマイルド,70g×4缶,398,429,0.08,,加工食品,,verified_snapshot,current_flyer_daily_visual_verified,verified,https://tokubai.co.jp/transit/rail_lines/station_groups/5171/leaflet,e30a242f248b50e5f0f3.jpg|abb0949e11a5f2d78ca6.jpg,fa07ae6f865ca00ae0169ee16d06368e644b5c4f093c2f1f281ad18c58eac8f5,current-Life-daily-panel-2026-09-14-visual-check
life_hikawadai,ライフ,氷川台店,2026-09-14,2026-09-14,ヤクルト Newヤクルト／ヤクルト糖質・カロリー50%オフ,各65ml×10本,378,408,0.08,,飲料,,verified_snapshot,current_flyer_daily_visual_verified,verified,https://tokubai.co.jp/transit/rail_lines/station_groups/5171/leaflet,e30a242f248b50e5f0f3.jpg|abb0949e11a5f2d78ca6.jpg,fa07ae6f865ca00ae0169ee16d06368e644b5c4f093c2f1f281ad18c58eac8f5,current-Life-daily-panel-2026-09-14-visual-check
life_hikawadai,ライフ,氷川台店,2026-09-14,2026-09-14,ライオン ソフラン プレミアム消臭 詰替特大,750ml,388,426,0.1,,日用品,,verified_snapshot,current_flyer_daily_visual_verified,verified,https://tokubai.co.jp/transit/rail_lines/station_groups/5171/leaflet,e30a242f248b50e5f0f3.jpg|abb0949e11a5f2d78ca6.jpg,fa07ae6f865ca00ae0169ee16d06368e644b5c4f093c2f1f281ad18c58eac8f5,current-Life-daily-panel-2026-09-14-visual-check
life_hikawadai,ライフ,氷川台店,2026-09-14,2026-09-14,Haleon シュミテクト 歯周病ケア,95g,578,635,0.1,,日用品,,verified_snapshot,current_flyer_daily_visual_verified,verified,https://tokubai.co.jp/transit/rail_lines/station_groups/5171/leaflet,e30a242f248b50e5f0f3.jpg|abb0949e11a5f2d78ca6.jpg,fa07ae6f865ca00ae0169ee16d06368e644b5c4f093c2f1f281ad18c58eac8f5,current-Life-daily-panel-2026-09-14-visual-check
life_hikawadai,ライフ,氷川台店,2026-09-15,2026-09-15,有機小松菜,1袋,128,138,0.08,,青果,,verified_snapshot,current_flyer_daily_visual_verified,verified,https://tokubai.co.jp/transit/rail_lines/station_groups/5171/leaflet,e30a242f248b50e5f0f3.jpg|abb0949e11a5f2d78ca6.jpg,601d4b42510d74c2bd40a27ece33bb953a3d75955c0506d12803cef1f4b79b5a,current-Life-daily-panel-2026-09-15-visual-check
life_hikawadai,ライフ,氷川台店,2026-09-15,2026-09-15,有機キウイフルーツ（サンゴールド）,1パック,690,745,0.08,,青果,,verified_snapshot,current_flyer_daily_visual_verified,verified,https://tokubai.co.jp/transit/rail_lines/station_groups/5171/leaflet,e30a242f248b50e5f0f3.jpg|abb0949e11a5f2d78ca6.jpg,601d4b42510d74c2bd40a27ece33bb953a3d75955c0506d12803cef1f4b79b5a,current-Life-daily-panel-2026-09-15-visual-check
life_hikawadai,ライフ,氷川台店,2026-09-15,2026-09-15,マルちゃん 麺づくり／ホットワンタン,各1個,99,106,0.08,,加工食品,,verified_snapshot,current_flyer_daily_visual_verified,verified,https://tokubai.co.jp/transit/rail_lines/station_groups/5171/leaflet,e30a242f248b50e5f0f3.jpg|abb0949e11a5f2d78ca6.jpg,601d4b42510d74c2bd40a27ece33bb953a3d75955c0506d12803cef1f4b79b5a,current-Life-daily-panel-2026-09-15-visual-check
life_hikawadai,ライフ,氷川台店,2026-09-15,2026-09-15,ミツカン 金のつぶ たれたっぷりたまご醤油たれ,40g×3,89,96,0.08,,日配食品,,verified_snapshot,current_flyer_daily_visual_verified,verified,https://tokubai.co.jp/transit/rail_lines/station_groups/5171/leaflet,e30a242f248b50e5f0f3.jpg|abb0949e11a5f2d78ca6.jpg,601d4b42510d74c2bd40a27ece33bb953a3d75955c0506d12803cef1f4b79b5a,current-Life-daily-panel-2026-09-15-visual-check
life_hikawadai,ライフ,氷川台店,2026-09-15,2026-09-15,プリマハム 香薫 あらびきウインナー,90g×2,259,279,0.08,,日配食品,,verified_snapshot,current_flyer_daily_visual_verified,verified,https://tokubai.co.jp/transit/rail_lines/station_groups/5171/leaflet,e30a242f248b50e5f0f3.jpg|abb0949e11a5f2d78ca6.jpg,601d4b42510d74c2bd40a27ece33bb953a3d75955c0506d12803cef1f4b79b5a,current-Life-daily-panel-2026-09-15-visual-check
ok_kamiitabashi,オーケー,上板橋店,2026-09-07,2026-09-13,【ベーカリー】ミニパン オ ショコラ,5個＋1個増量,220,237,0.08,,食品,,verified_snapshot,tokubai_structured_verified,verified,https://tokubai.co.jp/%E3%82%AA%E3%83%BC%E3%82%B1%E3%83%BC/230806,5b5a513970be83e84534.jpg|67ce40d4d4c1e74bc9da.jpg,d763935dc21210b57804d3107e14485b9a69c1702f85cc2f28319fdda57b97e8,handoff-structured-source-verified
ok_kamiitabashi,オーケー,上板橋店,2026-09-07,2026-09-13,椎茸海老詰めフライ,5個＋1個増量,299,322,0.08,,食品,,verified_snapshot,tokubai_structured_verified,verified,https://tokubai.co.jp/%E3%82%AA%E3%83%BC%E3%82%B1%E3%83%BC/230806,5b5a513970be83e84534.jpg|67ce40d4d4c1e74bc9da.jpg,d763935dc21210b57804d3107e14485b9a69c1702f85cc2f28319fdda57b97e8,handoff-structured-source-verified
ok_kamiitabashi,オーケー,上板橋店,2026-09-07,2026-09-13,解凍 紅鮭（甘口）利尻昆布だし入り,100g当たり,228,246,0.08,,食品,,verified_snapshot,tokubai_structured_verified,verified,https://tokubai.co.jp/%E3%82%AA%E3%83%BC%E3%82%B1%E3%83%BC/230806,5b5a513970be83e84534.jpg|67ce40d4d4c1e74bc9da.jpg,d763935dc21210b57804d3107e14485b9a69c1702f85cc2f28319fdda57b97e8,handoff-structured-source-verified
ok_kamiitabashi,オーケー,上板橋店,2026-09-07,2026-09-13,スターゼン 輸入牛 ローストビーフスライス,80g,629,679,0.08,,食品,,verified_snapshot,tokubai_structured_verified,verified,https://tokubai.co.jp/%E3%82%AA%E3%83%BC%E3%82%B1%E3%83%BC/230806,5b5a513970be83e84534.jpg|67ce40d4d4c1e74bc9da.jpg,d763935dc21210b57804d3107e14485b9a69c1702f85cc2f28319fdda57b97e8,handoff-structured-source-verified
ok_kamiitabashi,オーケー,上板橋店,2026-09-07,2026-09-13,【寿司】399ちらし 海鮮バラ,10カン,399,430,0.08,,食品,,verified_snapshot,tokubai_structured_verified,verified,https://tokubai.co.jp/%E3%82%AA%E3%83%BC%E3%82%B1%E3%83%BC/230806,5b5a513970be83e84534.jpg|67ce40d4d4c1e74bc9da.jpg,d763935dc21210b57804d3107e14485b9a69c1702f85cc2f28319fdda57b97e8,handoff-structured-source-verified
ok_kamiitabashi,オーケー,上板橋店,2026-09-07,2026-09-13,和牛（黒毛和種）A4・A5等級 もも肉 厚切り／うすぎり,100g当り,579,625,0.08,,精肉,,verified_snapshot,local_original_visual_verified,verified,https://tokubai.co.jp/%E3%82%AA%E3%83%BC%E3%82%B1%E3%83%BC/230806,5b5a513970be83e84534.jpg|67ce40d4d4c1e74bc9da.jpg,d763935dc21210b57804d3107e14485b9a69c1702f85cc2f28319fdda57b97e8,source-visual-verified
ok_kamiitabashi,オーケー,上板橋店,2026-09-07,2026-09-13,大粒牡蠣のフライ（広島県江田島産）,4個,399,430,0.08,,惣菜,,verified_snapshot,local_original_visual_verified,verified,https://tokubai.co.jp/%E3%82%AA%E3%83%BC%E3%82%B1%E3%83%BC/230806,5b5a513970be83e84534.jpg|67ce40d4d4c1e74bc9da.jpg,d763935dc21210b57804d3107e14485b9a69c1702f85cc2f28319fdda57b97e8,source-visual-verified
ok_kamiitabashi,オーケー,上板橋店,2026-09-07,2026-09-13,本まぐろ 中とろ 刺身用,100g当り,899,970,0.08,,鮮魚,,verified_snapshot,local_original_visual_verified,verified,https://tokubai.co.jp/%E3%82%AA%E3%83%BC%E3%82%B1%E3%83%BC/230806,5b5a513970be83e84534.jpg|67ce40d4d4c1e74bc9da.jpg,d763935dc21210b57804d3107e14485b9a69c1702f85cc2f28319fdda57b97e8,source-visual-verified
ok_kamiitabashi,オーケー,上板橋店,2026-09-07,2026-09-13,バナメイえび,100g当り,159,171,0.08,,鮮魚,,verified_snapshot,local_original_visual_verified,verified,https://tokubai.co.jp/%E3%82%AA%E3%83%BC%E3%82%B1%E3%83%BC/230806,5b5a513970be83e84534.jpg|67ce40d4d4c1e74bc9da.jpg,d763935dc21210b57804d3107e14485b9a69c1702f85cc2f28319fdda57b97e8,source-visual-verified
ok_kamiitabashi,オーケー,上板橋店,2026-09-07,2026-09-13,かつおたたき 刺身用,100g当り,199,214,0.08,,鮮魚,,verified_snapshot,local_original_visual_verified,verified,https://tokubai.co.jp/%E3%82%AA%E3%83%BC%E3%82%B1%E3%83%BC/230806,5b5a513970be83e84534.jpg|67ce40d4d4c1e74bc9da.jpg,d763935dc21210b57804d3107e14485b9a69c1702f85cc2f28319fdda57b97e8,source-visual-verified
ok_kamiitabashi,オーケー,上板橋店,2026-09-07,2026-09-13,めかじき 切身,100g当り,248,267,0.08,,鮮魚,,verified_snapshot,local_original_visual_verified,verified,https://tokubai.co.jp/%E3%82%AA%E3%83%BC%E3%82%B1%E3%83%BC/230806,5b5a513970be83e84534.jpg|67ce40d4d4c1e74bc9da.jpg,d763935dc21210b57804d3107e14485b9a69c1702f85cc2f28319fdda57b97e8,source-visual-verified
ok_kamiitabashi,オーケー,上板橋店,2026-09-07,2026-09-13,豚ロース肉（ロイン）ステーキカット,100g当り,195,210,0.08,,精肉,,verified_snapshot,local_original_visual_verified,verified,https://tokubai.co.jp/%E3%82%AA%E3%83%BC%E3%82%B1%E3%83%BC/230806,5b5a513970be83e84534.jpg|67ce40d4d4c1e74bc9da.jpg,d763935dc21210b57804d3107e14485b9a69c1702f85cc2f28319fdda57b97e8,source-visual-verified
ok_kamiitabashi,オーケー,上板橋店,2026-09-07,2026-09-13,若鶏手羽元,100g当り,89,96,0.08,,精肉,,verified_snapshot,local_original_visual_verified,verified,https://tokubai.co.jp/%E3%82%AA%E3%83%BC%E3%82%B1%E3%83%BC/230806,5b5a513970be83e84534.jpg|67ce40d4d4c1e74bc9da.jpg,d763935dc21210b57804d3107e14485b9a69c1702f85cc2f28319fdda57b97e8,source-visual-verified
ok_kamiitabashi,オーケー,上板橋店,2026-09-07,2026-09-13,大粒 味付あさり（スタミナ味・塩たれ味）,100g当り,168,181,0.08,,鮮魚,,verified_snapshot,local_original_visual_verified,verified,https://tokubai.co.jp/%E3%82%AA%E3%83%BC%E3%82%B1%E3%83%BC/230806,5b5a513970be83e84534.jpg|67ce40d4d4c1e74bc9da.jpg,d763935dc21210b57804d3107e14485b9a69c1702f85cc2f28319fdda57b97e8,source-visual-verified
ok_kamiitabashi,オーケー,上板橋店,2026-09-07,2026-09-13,めかじき カツレツ用 香草＆焦がし醤油風,1枚,90,97,0.08,,鮮魚,,verified_snapshot,local_original_visual_verified,verified,https://tokubai.co.jp/%E3%82%AA%E3%83%BC%E3%82%B1%E3%83%BC/230806,5b5a513970be83e84534.jpg|67ce40d4d4c1e74bc9da.jpg,d763935dc21210b57804d3107e14485b9a69c1702f85cc2f28319fdda57b97e8,source-visual-verified
ok_kamiitabashi,オーケー,上板橋店,2026-09-07,2026-09-13,鰻蒲焼 網カット,160g,898,969,0.08,,鮮魚,,verified_snapshot,local_original_visual_verified,verified,https://tokubai.co.jp/%E3%82%AA%E3%83%BC%E3%82%B1%E3%83%BC/230806,5b5a513970be83e84534.jpg|67ce40d4d4c1e74bc9da.jpg,d763935dc21210b57804d3107e14485b9a69c1702f85cc2f28319fdda57b97e8,source-visual-verified
ok_kamiitabashi,オーケー,上板橋店,2026-09-07,2026-09-13,ビビンバ丼 温泉玉子入り,1パック,359,387,0.08,,惣菜,,verified_snapshot,local_original_visual_verified,verified,https://tokubai.co.jp/%E3%82%AA%E3%83%BC%E3%82%B1%E3%83%BC/230806,5b5a513970be83e84534.jpg|67ce40d4d4c1e74bc9da.jpg,d763935dc21210b57804d3107e14485b9a69c1702f85cc2f28319fdda57b97e8,source-visual-verified
ok_kamiitabashi,オーケー,上板橋店,2026-09-07,2026-09-13,大盛り 豚ロース生姜焼き弁当,1パック,359,387,0.08,,惣菜,,verified_snapshot,local_original_visual_verified,verified,https://tokubai.co.jp/%E3%82%AA%E3%83%BC%E3%82%B1%E3%83%BC/230806,5b5a513970be83e84534.jpg|67ce40d4d4c1e74bc9da.jpg,d763935dc21210b57804d3107e14485b9a69c1702f85cc2f28319fdda57b97e8,source-visual-verified
ok_kamiitabashi,オーケー,上板橋店,2026-09-07,2026-09-13,岩手県大船渡産 さんま竜田揚げ,100g当り,279,301,0.08,,惣菜,,verified_snapshot,local_original_visual_verified,verified,https://tokubai.co.jp/%E3%82%AA%E3%83%BC%E3%82%B1%E3%83%BC/230806,5b5a513970be83e84534.jpg|67ce40d4d4c1e74bc9da.jpg,d763935dc21210b57804d3107e14485b9a69c1702f85cc2f28319fdda57b97e8,source-visual-verified
ok_kamiitabashi,オーケー,上板橋店,2026-09-07,2026-09-13,5種のナムル（だいこん・ぜんまい・ほうれん草・もやし・にんじん）,1パック,319,344,0.08,,惣菜,,verified_snapshot,local_original_visual_verified,verified,https://tokubai.co.jp/%E3%82%AA%E3%83%BC%E3%82%B1%E3%83%BC/230806,5b5a513970be83e84534.jpg|67ce40d4d4c1e74bc9da.jpg,d763935dc21210b57804d3107e14485b9a69c1702f85cc2f28319fdda57b97e8,source-visual-verified
ok_kamiitabashi,オーケー,上板橋店,2026-09-07,2026-09-13,ねぎとろ中巻,16カン＋2カン増量,580,626,0.08,,寿司,,verified_snapshot,local_original_visual_verified,verified,https://tokubai.co.jp/%E3%82%AA%E3%83%BC%E3%82%B1%E3%83%BC/230806,5b5a513970be83e84534.jpg|67ce40d4d4c1e74bc9da.jpg,d763935dc21210b57804d3107e14485b9a69c1702f85cc2f28319fdda57b97e8,source-visual-verified
ok_kamiitabashi,オーケー,上板橋店,2026-09-07,2026-09-13,トーラク 北海道産かぼちゃのプリン,95g,108,116,0.08,,デザート,,verified_snapshot,local_original_visual_verified,verified,https://tokubai.co.jp/%E3%82%AA%E3%83%BC%E3%82%B1%E3%83%BC/230806,5b5a513970be83e84534.jpg|67ce40d4d4c1e74bc9da.jpg,d763935dc21210b57804d3107e14485b9a69c1702f85cc2f28319fdda57b97e8,source-visual-verified
ok_kamiitabashi,オーケー,上板橋店,2026-09-07,2026-09-13,SUNTORY 伊右衛門 京都サイダー,500ml,98,105,0.08,,飲料,,verified_snapshot,local_original_visual_verified,verified,https://tokubai.co.jp/%E3%82%AA%E3%83%BC%E3%82%B1%E3%83%BC/230806,5b5a513970be83e84534.jpg|67ce40d4d4c1e74bc9da.jpg,d763935dc21210b57804d3107e14485b9a69c1702f85cc2f28319fdda57b97e8,source-visual-verified
ok_kamiitabashi,オーケー,上板橋店,2026-09-07,2026-09-13,AJINOMOTO ザ★チャーハン,580g,389,420,0.08,,冷凍食品,,verified_snapshot,local_original_visual_verified,verified,https://tokubai.co.jp/%E3%82%AA%E3%83%BC%E3%82%B1%E3%83%BC/230806,5b5a513970be83e84534.jpg|67ce40d4d4c1e74bc9da.jpg,d763935dc21210b57804d3107e14485b9a69c1702f85cc2f28319fdda57b97e8,source-visual-verified
ok_kamiitabashi,オーケー,上板橋店,2026-09-07,2026-09-13,AJINOMOTO ギョーザ,12個,183,197,0.08,,冷凍食品,,verified_snapshot,local_original_visual_verified,verified,https://tokubai.co.jp/%E3%82%AA%E3%83%BC%E3%82%B1%E3%83%BC/230806,5b5a513970be83e84534.jpg|67ce40d4d4c1e74bc9da.jpg,d763935dc21210b57804d3107e14485b9a69c1702f85cc2f28319fdda57b97e8,source-visual-verified
ok_kamiitabashi,オーケー,上板橋店,2026-09-07,2026-09-13,ニコニコのり 味のり ○等級原料使用 卓上,10切70枚（全型7枚）,513,554,0.08,,乾物,,verified_snapshot,local_original_visual_verified,verified,https://tokubai.co.jp/%E3%82%AA%E3%83%BC%E3%82%B1%E3%83%BC/230806,5b5a513970be83e84534.jpg|67ce40d4d4c1e74bc9da.jpg,d763935dc21210b57804d3107e14485b9a69c1702f85cc2f28319fdda57b97e8,source-visual-verified
ok_kamiitabashi,オーケー,上板橋店,2026-09-07,2026-09-13,日清 国内麦小麦粉,700g,183,197,0.08,,粉類,,verified_snapshot,local_original_visual_verified,verified,https://tokubai.co.jp/%E3%82%AA%E3%83%BC%E3%82%B1%E3%83%BC/230806,5b5a513970be83e84534.jpg|67ce40d4d4c1e74bc9da.jpg,d763935dc21210b57804d3107e14485b9a69c1702f85cc2f28319fdda57b97e8,source-visual-verified
ok_kamiitabashi,オーケー,上板橋店,2026-09-07,2026-09-13,オーケー 白菜キムチ,360g＋40g,459,495,0.08,,漬物,,verified_snapshot,local_original_visual_verified,verified,https://tokubai.co.jp/%E3%82%AA%E3%83%BC%E3%82%B1%E3%83%BC/230806,5b5a513970be83e84534.jpg|67ce40d4d4c1e74bc9da.jpg,d763935dc21210b57804d3107e14485b9a69c1702f85cc2f28319fdda57b97e8,source-visual-verified
ok_kamiitabashi,オーケー,上板橋店,2026-09-07,2026-09-13,ハナマルキ 塩こうじ,300g,240,259,0.08,,調味料,,verified_snapshot,local_original_visual_verified,verified,https://tokubai.co.jp/%E3%82%AA%E3%83%BC%E3%82%B1%E3%83%BC/230806,5b5a513970be83e84534.jpg|67ce40d4d4c1e74bc9da.jpg,d763935dc21210b57804d3107e14485b9a69c1702f85cc2f28319fdda57b97e8,source-visual-verified
ok_kamiitabashi,オーケー,上板橋店,2026-09-07,2026-09-13,オーケー 国産 煎り大豆,75g,98,105,0.08,,豆類,,verified_snapshot,local_original_visual_verified,verified,https://tokubai.co.jp/%E3%82%AA%E3%83%BC%E3%82%B1%E3%83%BC/230806,5b5a513970be83e84534.jpg|67ce40d4d4c1e74bc9da.jpg,d763935dc21210b57804d3107e14485b9a69c1702f85cc2f28319fdda57b97e8,source-visual-verified
ok_kamiitabashi,オーケー,上板橋店,2026-09-07,2026-09-13,ロッテ 生チョコパイ,1個,168,181,0.08,,菓子,,verified_snapshot,local_original_visual_verified,verified,https://tokubai.co.jp/%E3%82%AA%E3%83%BC%E3%82%B1%E3%83%BC/230806,5b5a513970be83e84534.jpg|67ce40d4d4c1e74bc9da.jpg,d763935dc21210b57804d3107e14485b9a69c1702f85cc2f28319fdda57b97e8,source-visual-verified
ok_kamiitabashi,オーケー,上板橋店,2026-09-07,2026-09-13,伊藤ハム アルトバイエルン（ウインナー）,292g＋30g増量,381,411,0.08,,日配食品,,verified_snapshot,local_original_visual_verified,verified,https://tokubai.co.jp/%E3%82%AA%E3%83%BC%E3%82%B1%E3%83%BC/230806,5b5a513970be83e84534.jpg|67ce40d4d4c1e74bc9da.jpg,d763935dc21210b57804d3107e14485b9a69c1702f85cc2f28319fdda57b97e8,source-visual-verified
ok_kamiitabashi,オーケー,上板橋店,2026-09-07,2026-09-13,リケン 素材力だし 本かつおだし お徳用,5gスティック×28本,615,664,0.08,,調味料,,verified_snapshot,local_original_visual_verified,verified,https://tokubai.co.jp/%E3%82%AA%E3%83%BC%E3%82%B1%E3%83%BC/230806,5b5a513970be83e84534.jpg|67ce40d4d4c1e74bc9da.jpg,d763935dc21210b57804d3107e14485b9a69c1702f85cc2f28319fdda57b97e8,source-visual-verified
ok_kamiitabashi,オーケー,上板橋店,2026-09-07,2026-09-13,ヤマサ 特選 有機丸大豆の吟選しょうゆ,1L,299,322,0.08,,調味料,,verified_snapshot,local_original_visual_verified,verified,https://tokubai.co.jp/%E3%82%AA%E3%83%BC%E3%82%B1%E3%83%BC/230806,5b5a513970be83e84534.jpg|67ce40d4d4c1e74bc9da.jpg,d763935dc21210b57804d3107e14485b9a69c1702f85cc2f28319fdda57b97e8,source-visual-verified
ok_kamiitabashi,オーケー,上板橋店,2026-09-07,2026-09-13,秋本 白菜の浅漬,270g＋30g増量,198,213,0.08,,漬物,,verified_snapshot,local_original_visual_verified,verified,https://tokubai.co.jp/%E3%82%AA%E3%83%BC%E3%82%B1%E3%83%BC/230806,5b5a513970be83e84534.jpg|67ce40d4d4c1e74bc9da.jpg,d763935dc21210b57804d3107e14485b9a69c1702f85cc2f28319fdda57b97e8,source-visual-verified
ok_kamiitabashi,オーケー,上板橋店,2026-09-07,2026-09-13,中国産 ピーナッツ,230g,199,214,0.08,,豆類,,verified_snapshot,local_original_visual_verified,verified,https://tokubai.co.jp/%E3%82%AA%E3%83%BC%E3%82%B1%E3%83%BC/230806,5b5a513970be83e84534.jpg|67ce40d4d4c1e74bc9da.jpg,d763935dc21210b57804d3107e14485b9a69c1702f85cc2f28319fdda57b97e8,source-visual-verified
ok_kamiitabashi,オーケー,上板橋店,2026-09-07,2026-09-13,ひかり味噌 朝のむ あまざけ,1000ml,298,321,0.08,,飲料,,verified_snapshot,local_original_visual_verified,verified,https://tokubai.co.jp/%E3%82%AA%E3%83%BC%E3%82%B1%E3%83%BC/230806,5b5a513970be83e84534.jpg|67ce40d4d4c1e74bc9da.jpg,d763935dc21210b57804d3107e14485b9a69c1702f85cc2f28319fdda57b97e8,source-visual-verified
ok_kamiitabashi,オーケー,上板橋店,2026-09-07,2026-09-13,Pasco たっぷりコーンマヨネーズ,1個,116,125,0.08,,パン,,verified_snapshot,local_original_visual_verified,verified,https://tokubai.co.jp/%E3%82%AA%E3%83%BC%E3%82%B1%E3%83%BC/230806,5b5a513970be83e84534.jpg|67ce40d4d4c1e74bc9da.jpg,d763935dc21210b57804d3107e14485b9a69c1702f85cc2f28319fdda57b97e8,source-visual-verified
ok_kamiitabashi,オーケー,上板橋店,2026-09-07,2026-09-13,ヤマザキ シュガーロール,5個,139,150,0.08,,パン,,verified_snapshot,local_original_visual_verified,verified,https://tokubai.co.jp/%E3%82%AA%E3%83%BC%E3%82%B1%E3%83%BC/230806,5b5a513970be83e84534.jpg|67ce40d4d4c1e74bc9da.jpg,d763935dc21210b57804d3107e14485b9a69c1702f85cc2f28319fdda57b97e8,source-visual-verified
ok_kamiitabashi,オーケー,上板橋店,2026-09-07,2026-09-13,グリコ 炊き込み御膳 とり五目／鶏ごぼう,各3合用,319,344,0.08,,加工食品,,verified_snapshot,local_original_visual_verified,verified,https://tokubai.co.jp/%E3%82%AA%E3%83%BC%E3%82%B1%E3%83%BC/230806,5b5a513970be83e84534.jpg|67ce40d4d4c1e74bc9da.jpg,d763935dc21210b57804d3107e14485b9a69c1702f85cc2f28319fdda57b97e8,source-visual-verified
ok_kamiitabashi,オーケー,上板橋店,2026-09-07,2026-09-13,デリブティック ティシューペーパー,200組×5個,299,328,0.1,,日用品,,verified_snapshot,local_original_visual_verified,verified,https://tokubai.co.jp/%E3%82%AA%E3%83%BC%E3%82%B1%E3%83%BC/230806,5b5a513970be83e84534.jpg|67ce40d4d4c1e74bc9da.jpg,d763935dc21210b57804d3107e14485b9a69c1702f85cc2f28319fdda57b97e8,source-visual-verified
ok_kamiitabashi,オーケー,上板橋店,2026-09-07,2026-09-13,アサヒビール GINON レモン（缶チューハイ）,350ml,99,108,0.1,,酒類,,verified_snapshot,local_original_visual_verified,verified,https://tokubai.co.jp/%E3%82%AA%E3%83%BC%E3%82%B1%E3%83%BC/230806,5b5a513970be83e84534.jpg|67ce40d4d4c1e74bc9da.jpg,d763935dc21210b57804d3107e14485b9a69c1702f85cc2f28319fdda57b97e8,source-visual-verified
ok_kamiitabashi,オーケー,上板橋店,2026-09-07,2026-09-13,JNTLコンシューマーヘルス 薬用リステリン トータルケアプラス,洗口液 1000ml×2本パック,1380,1518,0.1,,日用品,,verified_snapshot,local_original_visual_verified,verified,https://tokubai.co.jp/%E3%82%AA%E3%83%BC%E3%82%B1%E3%83%BC/230806,5b5a513970be83e84534.jpg|67ce40d4d4c1e74bc9da.jpg,d763935dc21210b57804d3107e14485b9a69c1702f85cc2f28319fdda57b97e8,source-visual-verified
ok_kamiitabashi,オーケー,上板橋店,2026-09-07,2026-09-13,P&G JOY W除菌 逆さボトル さわやか微香,食器用洗剤 本体290ml,158,173,0.1,,日用品,,verified_snapshot,local_original_visual_verified,verified,https://tokubai.co.jp/%E3%82%AA%E3%83%BC%E3%82%B1%E3%83%BC/230806,5b5a513970be83e84534.jpg|67ce40d4d4c1e74bc9da.jpg,d763935dc21210b57804d3107e14485b9a69c1702f85cc2f28319fdda57b97e8,source-visual-verified
ok_kamiitabashi,オーケー,上板橋店,2026-09-07,2026-09-13,レキットベンキーザー フィニッシュ 凝縮パワーキューブ,食洗機用洗剤 特大サイズ100個,1320,1452,0.1,,日用品,,verified_snapshot,local_original_visual_verified,verified,https://tokubai.co.jp/%E3%82%AA%E3%83%BC%E3%82%B1%E3%83%BC/230806,5b5a513970be83e84534.jpg|67ce40d4d4c1e74bc9da.jpg,d763935dc21210b57804d3107e14485b9a69c1702f85cc2f28319fdda57b97e8,source-visual-verified
ok_kamiitabashi,オーケー,上板橋店,2026-09-07,2026-09-13,NSファーファ・ジャパン ファーファ ストーリー そらのお散歩 フローラルソープの香り,柔軟剤 詰替用 特大1200ml,540,594,0.1,,日用品,,verified_snapshot,local_original_visual_verified,verified,https://tokubai.co.jp/%E3%82%AA%E3%83%BC%E3%82%B1%E3%83%BC/230806,5b5a513970be83e84534.jpg|67ce40d4d4c1e74bc9da.jpg,d763935dc21210b57804d3107e14485b9a69c1702f85cc2f28319fdda57b97e8,source-visual-verified
comodi_sakuragawa,コモディイイダ,食彩館桜川店,2026-09-13,2026-09-13,大阪王将 羽根つき餃子,1パック,158,170,0.08,,冷凍食品,,verified_snapshot,current_web_visual_verified,verified,https://chirashi-guide.com/chirashi-file/2026/09/56/56-260912o___3102002_0.jpg,56-260912o___3102002_0.jpg,0e53eed682498d4f6fccd9ea01df4739b2ccce1118c782b685cbe1fd2f931353,current-issue-9/13-panel-visual-check
comodi_sakuragawa,コモディイイダ,食彩館桜川店,2026-09-13,2026-09-13,フジッコ ごま昆布,1パック,138,149,0.08,,佃煮,,verified_snapshot,current_web_visual_verified,verified,https://chirashi-guide.com/chirashi-file/2026/09/56/56-260912o___3102002_0.jpg,56-260912o___3102002_0.jpg,0e53eed682498d4f6fccd9ea01df4739b2ccce1118c782b685cbe1fd2f931353,current-issue-9/13-panel-visual-check
comodi_sakuragawa,コモディイイダ,食彩館桜川店,2026-09-13,2026-09-13,ヤマザキ ダブルソフト,6枚,178,192,0.08,,パン,,verified_snapshot,current_web_visual_verified,verified,https://chirashi-guide.com/chirashi-file/2026/09/56/56-260912o___3102002_0.jpg,56-260912o___3102002_0.jpg,0e53eed682498d4f6fccd9ea01df4739b2ccce1118c782b685cbe1fd2f931353,current-issue-9/13-panel-visual-check
comodi_sakuragawa,コモディイイダ,食彩館桜川店,2026-09-13,2026-09-13,トマト,1パック,350,378,0.08,,青果,,verified_snapshot,current_web_visual_verified,verified,https://chirashi-guide.com/chirashi-file/2026/09/56/56-260912o___3102002_0.jpg,56-260912o___3102002_0.jpg,0e53eed682498d4f6fccd9ea01df4739b2ccce1118c782b685cbe1fd2f931353,current-issue-9/13-panel-visual-check
comodi_sakuragawa,コモディイイダ,食彩館桜川店,2026-09-13,2026-09-13,シャインマスカット,1房,1000,1080,0.08,,青果,,verified_snapshot,current_web_visual_verified,verified,https://chirashi-guide.com/chirashi-file/2026/09/56/56-260912o___3102002_0.jpg,56-260912o___3102002_0.jpg,0e53eed682498d4f6fccd9ea01df4739b2ccce1118c782b685cbe1fd2f931353,current-issue-9/13-panel-visual-check
comodi_sakuragawa,コモディイイダ,食彩館桜川店,2026-09-13,2026-09-13,豚肉 切り落とし,100g当り,89,96,0.08,,精肉,,verified_snapshot,current_web_visual_verified,verified,https://chirashi-guide.com/chirashi-file/2026/09/56/56-260912o___3102002_0.jpg,56-260912o___3102002_0.jpg,0e53eed682498d4f6fccd9ea01df4739b2ccce1118c782b685cbe1fd2f931353,current-issue-9/13-panel-visual-check
comodi_sakuragawa,コモディイイダ,食彩館桜川店,2026-09-13,2026-09-13,牛肉 切り落とし,100g当り,599,646,0.08,,精肉,,verified_snapshot,current_web_visual_verified,verified,https://chirashi-guide.com/chirashi-file/2026/09/56/56-260912o___3102002_0.jpg,56-260912o___3102002_0.jpg,0e53eed682498d4f6fccd9ea01df4739b2ccce1118c782b685cbe1fd2f931353,current-issue-9/13-panel-visual-check
comodi_sakuragawa,コモディイイダ,食彩館桜川店,2026-09-13,2026-09-13,まぐろたたき,1パック,350,378,0.08,,鮮魚,,verified_snapshot,current_web_visual_verified,verified,https://chirashi-guide.com/chirashi-file/2026/09/56/56-260912o___3102002_0.jpg,56-260912o___3102002_0.jpg,0e53eed682498d4f6fccd9ea01df4739b2ccce1118c782b685cbe1fd2f931353,current-issue-9/13-panel-visual-check
comodi_sakuragawa,コモディイイダ,食彩館桜川店,2026-09-13,2026-09-13,刺身用サーモン,1パック,599,646,0.08,,鮮魚,,verified_snapshot,current_web_visual_verified,verified,https://chirashi-guide.com/chirashi-file/2026/09/56/56-260912o___3102002_0.jpg,56-260912o___3102002_0.jpg,0e53eed682498d4f6fccd9ea01df4739b2ccce1118c782b685cbe1fd2f931353,current-issue-9/13-panel-visual-check
comodi_sakuragawa,コモディイイダ,食彩館桜川店,2026-09-12,2026-09-12,あづま食品 国産中粒納豆,3個組,88,95,0.08,,日配食品,,verified_snapshot,current_web_visual_verified,verified,https://chirashi-guide.com/chirashi-file/2026/09/56/56-260912o___3102002_0.jpg,56-260912o___3102002_0.jpg,b0d41fc8380361eab9e10272a1c43a4596bc63760a49458345713265a7ebf89a,current-issue-2026-09-12-panel-visual-check
comodi_sakuragawa,コモディイイダ,食彩館桜川店,2026-09-12,2026-09-12,ヤクルト プレーン／カロリーハーフ,1パック,348,375,0.08,,飲料,,verified_snapshot,current_web_visual_verified,verified,https://chirashi-guide.com/chirashi-file/2026/09/56/56-260912o___3102002_0.jpg,56-260912o___3102002_0.jpg,b0d41fc8380361eab9e10272a1c43a4596bc63760a49458345713265a7ebf89a,current-issue-2026-09-12-panel-visual-check
comodi_sakuragawa,コモディイイダ,食彩館桜川店,2026-09-12,2026-09-12,うさぎ 生切り餅,1kg,898,969,0.08,,食品,,verified_snapshot,current_web_visual_verified,verified,https://chirashi-guide.com/chirashi-file/2026/09/56/56-260912o___3102002_0.jpg,56-260912o___3102002_0.jpg,b0d41fc8380361eab9e10272a1c43a4596bc63760a49458345713265a7ebf89a,current-issue-2026-09-12-panel-visual-check
comodi_sakuragawa,コモディイイダ,食彩館桜川店,2026-09-12,2026-09-12,ブロッコリー,1コ,178,192,0.08,,青果,,verified_snapshot,current_web_visual_verified,verified,https://chirashi-guide.com/chirashi-file/2026/09/56/56-260912o___3102002_0.jpg,56-260912o___3102002_0.jpg,b0d41fc8380361eab9e10272a1c43a4596bc63760a49458345713265a7ebf89a,current-issue-2026-09-12-panel-visual-check
comodi_sakuragawa,コモディイイダ,食彩館桜川店,2026-09-12,2026-09-12,北海道産 生さんま,1尾,198,213,0.08,,鮮魚,,verified_snapshot,current_web_visual_verified,verified,https://chirashi-guide.com/chirashi-file/2026/09/56/56-260912o___3102002_0.jpg,56-260912o___3102002_0.jpg,b0d41fc8380361eab9e10272a1c43a4596bc63760a49458345713265a7ebf89a,current-issue-2026-09-12-panel-visual-check
comodi_sakuragawa,コモディイイダ,食彩館桜川店,2026-09-12,2026-09-12,北海道産 じゃがいも,1袋,198,213,0.08,,青果,,verified_snapshot,current_web_visual_verified,verified,https://chirashi-guide.com/chirashi-file/2026/09/56/56-260912o___3102002_0.jpg,56-260912o___3102002_0.jpg,b0d41fc8380361eab9e10272a1c43a4596bc63760a49458345713265a7ebf89a,current-issue-2026-09-12-panel-visual-check
comodi_sakuragawa,コモディイイダ,食彩館桜川店,2026-09-12,2026-09-12,刺身盛合せ,1パック,850,918,0.08,,鮮魚,,verified_snapshot,current_web_visual_verified,verified,https://chirashi-guide.com/chirashi-file/2026/09/56/56-260912o___3102002_0.jpg,56-260912o___3102002_0.jpg,b0d41fc8380361eab9e10272a1c43a4596bc63760a49458345713265a7ebf89a,current-issue-2026-09-12-panel-visual-check
comodi_sakuragawa,コモディイイダ,食彩館桜川店,2026-09-12,2026-09-12,銀鮭切身,1パック,599,646,0.08,,鮮魚,,verified_snapshot,current_web_visual_verified,verified,https://chirashi-guide.com/chirashi-file/2026/09/56/56-260912o___3102002_0.jpg,56-260912o___3102002_0.jpg,b0d41fc8380361eab9e10272a1c43a4596bc63760a49458345713265a7ebf89a,current-issue-2026-09-12-panel-visual-check
comodi_sakuragawa,コモディイイダ,食彩館桜川店,2026-09-14,2026-09-14,明治 ブルガリアヨーグルト,1パック,118,127,0.08,,日配食品,,verified_snapshot,current_web_visual_verified,verified,https://chirashi-guide.com/chirashi-file/2026/09/56/56-260912u___3141311_0.jpg,56-260912u___3141311_0.jpg,bbfb3a7c481acab2ae370f1d864689ed1864cfb801e76da0fab579bc8cd49827,current-issue-2026-09-14-panel-visual-check
comodi_sakuragawa,コモディイイダ,食彩館桜川店,2026-09-14,2026-09-14,味の素 丸鶏がらスープ,1袋,278,300,0.08,,調味料,,verified_snapshot,current_web_visual_verified,verified,https://chirashi-guide.com/chirashi-file/2026/09/56/56-260912u___3141311_0.jpg,56-260912u___3141311_0.jpg,bbfb3a7c481acab2ae370f1d864689ed1864cfb801e76da0fab579bc8cd49827,current-issue-2026-09-14-panel-visual-check
comodi_sakuragawa,コモディイイダ,食彩館桜川店,2026-09-14,2026-09-14,レタス,1個,98,105,0.08,,青果,,verified_snapshot,current_web_visual_verified,verified,https://chirashi-guide.com/chirashi-file/2026/09/56/56-260912u___3141311_0.jpg,56-260912u___3141311_0.jpg,bbfb3a7c481acab2ae370f1d864689ed1864cfb801e76da0fab579bc8cd49827,current-issue-2026-09-14-panel-visual-check
comodi_sakuragawa,コモディイイダ,食彩館桜川店,2026-09-14,2026-09-14,国内産 若どりむね肉,100g当り,69,74,0.08,,精肉,,verified_snapshot,current_web_visual_verified,verified,https://chirashi-guide.com/chirashi-file/2026/09/56/56-260912u___3141311_0.jpg,56-260912u___3141311_0.jpg,bbfb3a7c481acab2ae370f1d864689ed1864cfb801e76da0fab579bc8cd49827,current-issue-2026-09-14-panel-visual-check
comodi_sakuragawa,コモディイイダ,食彩館桜川店,2026-09-14,2026-09-14,ネスカフェ エクセラ ボトルコーヒー,1本,98,105,0.08,,飲料,,verified_snapshot,current_web_visual_verified,verified,https://chirashi-guide.com/chirashi-file/2026/09/56/56-260912u___3141311_0.jpg,56-260912u___3141311_0.jpg,bbfb3a7c481acab2ae370f1d864689ed1864cfb801e76da0fab579bc8cd49827,current-issue-2026-09-14-panel-visual-check
comodi_sakuragawa,コモディイイダ,食彩館桜川店,2026-09-15,2026-09-15,きゅうり,1袋,98,105,0.08,,青果,,verified_snapshot,current_web_visual_verified,verified,https://chirashi-guide.com/chirashi-file/2026/09/56/56-260912u___3141311_0.jpg,56-260912u___3141311_0.jpg,49a8e8f096230c1cc0935fbdf6c71b3bff96e88d3f964861da775a59c98ea45b,current-issue-2026-09-15-panel-visual-check
comodi_sakuragawa,コモディイイダ,食彩館桜川店,2026-09-15,2026-09-15,ミニトマト,1パック,128,138,0.08,,青果,,verified_snapshot,current_web_visual_verified,verified,https://chirashi-guide.com/chirashi-file/2026/09/56/56-260912u___3141311_0.jpg,56-260912u___3141311_0.jpg,49a8e8f096230c1cc0935fbdf6c71b3bff96e88d3f964861da775a59c98ea45b,current-issue-2026-09-15-panel-visual-check
comodi_sakuragawa,コモディイイダ,食彩館桜川店,2026-09-15,2026-09-15,ハーゲンダッツ アソートボックス,1箱,777,839,0.08,,アイス,,verified_snapshot,current_web_visual_verified,verified,https://chirashi-guide.com/chirashi-file/2026/09/56/56-260912u___3141311_0.jpg,56-260912u___3141311_0.jpg,49a8e8f096230c1cc0935fbdf6c71b3bff96e88d3f964861da775a59c98ea45b,current-issue-2026-09-15-panel-visual-check
comodi_sakuragawa,コモディイイダ,食彩館桜川店,2026-09-15,2026-09-15,ロールパン,1袋,98,105,0.08,,パン,,verified_snapshot,current_web_visual_verified,verified,https://chirashi-guide.com/chirashi-file/2026/09/56/56-260912u___3141311_0.jpg,56-260912u___3141311_0.jpg,49a8e8f096230c1cc0935fbdf6c71b3bff96e88d3f964861da775a59c98ea45b,current-issue-2026-09-15-panel-visual-check
comodi_sakuragawa,コモディイイダ,食彩館桜川店,2026-09-15,2026-09-15,ハンバーグ,1パック,99,106,0.08,,惣菜,,verified_snapshot,current_web_visual_verified,verified,https://chirashi-guide.com/chirashi-file/2026/09/56/56-260912u___3141311_0.jpg,56-260912u___3141311_0.jpg,49a8e8f096230c1cc0935fbdf6c71b3bff96e88d3f964861da775a59c98ea45b,current-issue-2026-09-15-panel-visual-check
comodi_sakuragawa,コモディイイダ,食彩館桜川店,2026-09-15,2026-09-15,挽肉,100g当り,369,398,0.08,,精肉,,verified_snapshot,current_web_visual_verified,verified,https://chirashi-guide.com/chirashi-file/2026/09/56/56-260912u___3141311_0.jpg,56-260912u___3141311_0.jpg,49a8e8f096230c1cc0935fbdf6c71b3bff96e88d3f964861da775a59c98ea45b,current-issue-2026-09-15-panel-visual-check
comodi_sakuragawa,コモディイイダ,食彩館桜川店,2026-09-12,2026-09-13,刺身盛合せ,6点盛,1580,1706,0.08,,鮮魚,,verified_snapshot,current_web_visual_verified,verified,https://chirashi-guide.com/chirashi-file/2026/09/56/56-260912u___3141311_0.jpg,56-260912u___3141311_0.jpg,78f82f42373cc65696121ee75c80cd19d63a1a86d30799133cde3dde4b303a48,current-issue-9/12-9/13-panel-visual-check
comodi_sakuragawa,コモディイイダ,食彩館桜川店,2026-09-12,2026-09-13,寿司盛合せ,1パック,980,1058,0.08,,寿司,,verified_snapshot,current_web_visual_verified,verified,https://chirashi-guide.com/chirashi-file/2026/09/56/56-260912u___3141311_0.jpg,56-260912u___3141311_0.jpg,78f82f42373cc65696121ee75c80cd19d63a1a86d30799133cde3dde4b303a48,current-issue-9/12-9/13-panel-visual-check
comodi_sakuragawa,コモディイイダ,食彩館桜川店,2026-09-12,2026-09-13,広島県産 大粒カキフライ,1パック,599,646,0.08,,惣菜,,verified_snapshot,current_web_visual_verified,verified,https://chirashi-guide.com/chirashi-file/2026/09/56/56-260912u___3141311_0.jpg,56-260912u___3141311_0.jpg,78f82f42373cc65696121ee75c80cd19d63a1a86d30799133cde3dde4b303a48,current-issue-9/12-9/13-panel-visual-check
belx_itabashi_nakadai,スーパーベルクス,板橋中台店,2026-09-12,2026-09-12,国産 黒毛和牛 切り落とし（焼肉用）,100g当り,399,430,0.08,,精肉,,verified_snapshot,user_uploaded_pdf_visual_verified,verified,https://chirashi-guide.com/chirashi-file/2026/09/351/351-1_15968215_0.jpg,351-1_15968215_0.jpg,8158a49bac10b793a80997ff501054aed16110aefa877c1c8abbb8db45c82522,Belx current flyer: visually verified from user-provided Tokubai PDF
belx_itabashi_nakadai,スーパーベルクス,板橋中台店,2026-09-12,2026-09-12,若鶏モモ肉（超メガ盛り・4枚入以上）,100g当り,99,106,0.08,,精肉,,verified_snapshot,user_uploaded_pdf_visual_verified,verified,https://chirashi-guide.com/chirashi-file/2026/09/351/351-1_15968215_0.jpg,351-1_15968215_0.jpg,8158a49bac10b793a80997ff501054aed16110aefa877c1c8abbb8db45c82522,Belx current flyer: visually verified from user-provided Tokubai PDF
belx_itabashi_nakadai,スーパーベルクス,板橋中台店,2026-09-12,2026-09-12,豚肉ロースうすぎり（ジャンボパック）,100g当り,99,106,0.08,,精肉,,verified_snapshot,user_uploaded_pdf_visual_verified,verified,https://chirashi-guide.com/chirashi-file/2026/09/351/351-1_15968215_0.jpg,351-1_15968215_0.jpg,8158a49bac10b793a80997ff501054aed16110aefa877c1c8abbb8db45c82522,Belx current flyer: visually verified from user-provided Tokubai PDF
belx_itabashi_nakadai,スーパーベルクス,板橋中台店,2026-09-12,2026-09-12,日清製粉ウェルナ 大盛りスパゲティ各種,各1袋,159,171,0.08,,冷凍食品,,verified_snapshot,user_uploaded_pdf_visual_verified,verified,https://chirashi-guide.com/chirashi-file/2026/09/351/351-1_15968215_0.jpg,351-1_15968215_0.jpg,8158a49bac10b793a80997ff501054aed16110aefa877c1c8abbb8db45c82522,Belx current flyer: visually verified from user-provided Tokubai PDF
belx_itabashi_nakadai,スーパーベルクス,板橋中台店,2026-09-12,2026-09-12,冷凍米飯各種（炒飯・えびピラフ等）,各1袋,299,322,0.08,,冷凍食品,,verified_snapshot,user_uploaded_pdf_visual_verified,verified,https://chirashi-guide.com/chirashi-file/2026/09/351/351-1_15968215_0.jpg,351-1_15968215_0.jpg,8158a49bac10b793a80997ff501054aed16110aefa877c1c8abbb8db45c82522,Belx current flyer: visually verified from user-provided Tokubai PDF
belx_itabashi_nakadai,スーパーベルクス,板橋中台店,2026-09-12,2026-09-12,冷凍から揚げ各種,各1袋,349,376,0.08,,冷凍食品,,verified_snapshot,user_uploaded_pdf_visual_verified,verified,https://chirashi-guide.com/chirashi-file/2026/09/351/351-1_15968215_0.jpg,351-1_15968215_0.jpg,8158a49bac10b793a80997ff501054aed16110aefa877c1c8abbb8db45c82522,Belx current flyer: visually verified from user-provided Tokubai PDF
belx_itabashi_nakadai,スーパーベルクス,板橋中台店,2026-09-12,2026-09-12,惣菜コロッケ,1個,60,64,0.08,,惣菜,,verified_snapshot,user_uploaded_pdf_visual_verified,verified,https://chirashi-guide.com/chirashi-file/2026/09/351/351-1_15968215_0.jpg,351-1_15968215_0.jpg,8158a49bac10b793a80997ff501054aed16110aefa877c1c8abbb8db45c82522,Belx current flyer: visually verified from user-provided Tokubai PDF
belx_itabashi_nakadai,スーパーベルクス,板橋中台店,2026-09-12,2026-09-12,豆腐各種,各1パック,88,95,0.08,,日配食品,,verified_snapshot,user_uploaded_pdf_visual_verified,verified,https://chirashi-guide.com/chirashi-file/2026/09/351/351-1_15968215_0.jpg,351-1_15968215_0.jpg,8158a49bac10b793a80997ff501054aed16110aefa877c1c8abbb8db45c82522,Belx current flyer: visually verified from user-provided Tokubai PDF
belx_itabashi_nakadai,スーパーベルクス,板橋中台店,2026-09-12,2026-09-12,S&B ゴールデンカレー各種,各1箱,179,193,0.08,,調味料,,verified_snapshot,user_uploaded_pdf_visual_verified,verified,https://chirashi-guide.com/chirashi-file/2026/09/351/351-1_15968215_0.jpg,351-1_15968215_0.jpg,8158a49bac10b793a80997ff501054aed16110aefa877c1c8abbb8db45c82522,Belx current flyer: visually verified from user-provided Tokubai PDF
belx_itabashi_nakadai,スーパーベルクス,板橋中台店,2026-09-12,2026-09-12,ご飯大盛 唐揚げ弁当,1パック,390,421,0.08,,惣菜,,verified_snapshot,user_uploaded_pdf_visual_verified,verified,https://chirashi-guide.com/chirashi-file/2026/09/351/351-1_15968215_0.jpg,351-1_15968215_0.jpg,8158a49bac10b793a80997ff501054aed16110aefa877c1c8abbb8db45c82522,Belx current flyer: visually verified from user-provided Tokubai PDF
belx_itabashi_nakadai,スーパーベルクス,板橋中台店,2026-09-12,2026-09-12,千葉県産 ふさおとめ,5kg,2290,2473,0.08,,米,,verified_snapshot,user_uploaded_pdf_visual_verified,verified,https://chirashi-guide.com/chirashi-file/2026/09/351/351-1_15968215_0.jpg,351-1_15968215_0.jpg,8158a49bac10b793a80997ff501054aed16110aefa877c1c8abbb8db45c82522,Belx current flyer: visually verified from user-provided Tokubai PDF
belx_itabashi_nakadai,スーパーベルクス,板橋中台店,2026-09-12,2026-09-12,国産 黒毛和牛 ロースステーキ用,100g当り,690,745,0.08,,精肉,,verified_snapshot,user_uploaded_pdf_visual_verified,verified,https://chirashi-guide.com/chirashi-file/2026/09/351/351-1_15968215_0.jpg,351-1_15968215_0.jpg,8158a49bac10b793a80997ff501054aed16110aefa877c1c8abbb8db45c82522,Belx current flyer: visually verified from user-provided Tokubai PDF
belx_itabashi_nakadai,スーパーベルクス,板橋中台店,2026-09-12,2026-09-12,握り寿司（極）,1パック,699,754,0.08,,寿司,,verified_snapshot,user_uploaded_pdf_visual_verified,verified,https://chirashi-guide.com/chirashi-file/2026/09/351/351-1_15968215_0.jpg,351-1_15968215_0.jpg,8158a49bac10b793a80997ff501054aed16110aefa877c1c8abbb8db45c82522,Belx current flyer: visually verified from user-provided Tokubai PDF
belx_itabashi_nakadai,スーパーベルクス,板橋中台店,2026-09-12,2026-09-12,シャインマスカット,1パック,780,842,0.08,,青果,,verified_snapshot,user_uploaded_pdf_visual_verified,verified,https://chirashi-guide.com/chirashi-file/2026/09/351/351-1_15968215_0.jpg,351-1_15968215_0.jpg,8158a49bac10b793a80997ff501054aed16110aefa877c1c8abbb8db45c82522,Belx current flyer: visually verified from user-provided Tokubai PDF
belx_itabashi_nakadai,スーパーベルクス,板橋中台店,2026-09-12,2026-09-12,インド産 えび（養殖・解凍）,1パック,399,430,0.08,,鮮魚,,verified_snapshot,user_uploaded_pdf_visual_verified,verified,https://chirashi-guide.com/chirashi-file/2026/09/351/351-1_15968215_0.jpg,351-1_15968215_0.jpg,8158a49bac10b793a80997ff501054aed16110aefa877c1c8abbb8db45c82522,Belx current flyer: visually verified from user-provided Tokubai PDF
belx_itabashi_nakadai,スーパーベルクス,板橋中台店,2026-09-12,2026-09-12,茨城県産 ピーマン,1袋,99,106,0.08,,青果,,verified_snapshot,user_uploaded_pdf_visual_verified,verified,https://chirashi-guide.com/chirashi-file/2026/09/351/351-1_15968215_0.jpg,351-1_15968215_0.jpg,8158a49bac10b793a80997ff501054aed16110aefa877c1c8abbb8db45c82522,Belx current flyer: visually verified from user-provided Tokubai PDF
belx_itabashi_nakadai,スーパーベルクス,板橋中台店,2026-09-12,2026-09-12,銀鮭西京焼き＆天ぷら御膳,1パック,490,529,0.08,,惣菜,,verified_snapshot,user_uploaded_pdf_visual_verified,verified,https://chirashi-guide.com/chirashi-file/2026/09/351/351-1_15968215_0.jpg,351-1_15968215_0.jpg,8158a49bac10b793a80997ff501054aed16110aefa877c1c8abbb8db45c82522,Belx current flyer: visually verified from user-provided Tokubai PDF
belx_itabashi_nakadai,スーパーベルクス,板橋中台店,2026-09-12,2026-09-12,木村屋 あんぱん各種,各1個,79,85,0.08,,パン,,verified_snapshot,user_uploaded_pdf_visual_verified,verified,https://chirashi-guide.com/chirashi-file/2026/09/351/351-1_15968215_0.jpg,351-1_15968215_0.jpg,8158a49bac10b793a80997ff501054aed16110aefa877c1c8abbb8db45c82522,Belx current flyer: visually verified from user-provided Tokubai PDF
belx_itabashi_nakadai,スーパーベルクス,板橋中台店,2026-09-12,2026-09-12,モンテール スイーツ各種,各1個,99,106,0.08,,菓子,,verified_snapshot,user_uploaded_pdf_visual_verified,verified,https://chirashi-guide.com/chirashi-file/2026/09/351/351-1_15968215_0.jpg,351-1_15968215_0.jpg,8158a49bac10b793a80997ff501054aed16110aefa877c1c8abbb8db45c82522,Belx current flyer: visually verified from user-provided Tokubai PDF
belx_itabashi_nakadai,スーパーベルクス,板橋中台店,2026-09-13,2026-09-13,チリ産 生アトランティックサーモン（養殖）ブロック,100g当り,299,322,0.08,,鮮魚,,verified_snapshot,user_uploaded_pdf_visual_verified,verified,https://chirashi-guide.com/chirashi-file/2026/09/351/351-1_15968215_0.jpg,351-1_15968215_0.jpg,6f5da29805265b5f2f9e3f58a3d679f360d307a871220aaa5888256fac88f3cf,Belx current flyer: visually verified from user-provided Tokubai PDF
belx_itabashi_nakadai,スーパーベルクス,板橋中台店,2026-09-13,2026-09-13,たまご,10個入,199,214,0.08,,日配食品,,verified_snapshot,user_uploaded_pdf_visual_verified,verified,https://chirashi-guide.com/chirashi-file/2026/09/351/351-1_15968215_0.jpg,351-1_15968215_0.jpg,6f5da29805265b5f2f9e3f58a3d679f360d307a871220aaa5888256fac88f3cf,Belx current flyer: visually verified from user-provided Tokubai PDF
belx_itabashi_nakadai,スーパーベルクス,板橋中台店,2026-09-13,2026-09-13,豚肉ロース生姜焼用（超メガ盛り）,100g当り,99,106,0.08,,精肉,,verified_snapshot,user_uploaded_pdf_visual_verified,verified,https://chirashi-guide.com/chirashi-file/2026/09/351/351-1_15968215_0.jpg,351-1_15968215_0.jpg,6f5da29805265b5f2f9e3f58a3d679f360d307a871220aaa5888256fac88f3cf,Belx current flyer: visually verified from user-provided Tokubai PDF
belx_itabashi_nakadai,スーパーベルクス,板橋中台店,2026-09-13,2026-09-13,銀鮭切身（養殖・解凍）,100g当り,159,171,0.08,,鮮魚,,verified_snapshot,user_uploaded_pdf_visual_verified,verified,https://chirashi-guide.com/chirashi-file/2026/09/351/351-1_15968215_0.jpg,351-1_15968215_0.jpg,6f5da29805265b5f2f9e3f58a3d679f360d307a871220aaa5888256fac88f3cf,Belx current flyer: visually verified from user-provided Tokubai PDF
belx_itabashi_nakadai,スーパーベルクス,板橋中台店,2026-09-13,2026-09-13,国産 牛肉カルビ焼肉用（三角バラ）,100g当り,499,538,0.08,,精肉,,verified_snapshot,user_uploaded_pdf_visual_verified,verified,https://chirashi-guide.com/chirashi-file/2026/09/351/351-1_15968215_0.jpg,351-1_15968215_0.jpg,6f5da29805265b5f2f9e3f58a3d679f360d307a871220aaa5888256fac88f3cf,Belx current flyer: visually verified from user-provided Tokubai PDF
belx_itabashi_nakadai,スーパーベルクス,板橋中台店,2026-09-13,2026-09-13,中華丼,1パック,390,421,0.08,,惣菜,,verified_snapshot,user_uploaded_pdf_visual_verified,verified,https://chirashi-guide.com/chirashi-file/2026/09/351/351-1_15968215_0.jpg,351-1_15968215_0.jpg,6f5da29805265b5f2f9e3f58a3d679f360d307a871220aaa5888256fac88f3cf,Belx current flyer: visually verified from user-provided Tokubai PDF
belx_itabashi_nakadai,スーパーベルクス,板橋中台店,2026-09-13,2026-09-13,海老ちらし,1パック,390,421,0.08,,惣菜,,verified_snapshot,user_uploaded_pdf_visual_verified,verified,https://chirashi-guide.com/chirashi-file/2026/09/351/351-1_15968215_0.jpg,351-1_15968215_0.jpg,6f5da29805265b5f2f9e3f58a3d679f360d307a871220aaa5888256fac88f3cf,Belx current flyer: visually verified from user-provided Tokubai PDF
belx_itabashi_nakadai,スーパーベルクス,板橋中台店,2026-09-13,2026-09-13,焼き鳥重,1パック,390,421,0.08,,惣菜,,verified_snapshot,user_uploaded_pdf_visual_verified,verified,https://chirashi-guide.com/chirashi-file/2026/09/351/351-1_15968215_0.jpg,351-1_15968215_0.jpg,6f5da29805265b5f2f9e3f58a3d679f360d307a871220aaa5888256fac88f3cf,Belx current flyer: visually verified from user-provided Tokubai PDF
belx_itabashi_nakadai,スーパーベルクス,板橋中台店,2026-09-13,2026-09-13,ダブル大海老天重,1パック,490,529,0.08,,惣菜,,verified_snapshot,user_uploaded_pdf_visual_verified,verified,https://chirashi-guide.com/chirashi-file/2026/09/351/351-1_15968215_0.jpg,351-1_15968215_0.jpg,6f5da29805265b5f2f9e3f58a3d679f360d307a871220aaa5888256fac88f3cf,Belx current flyer: visually verified from user-provided Tokubai PDF
belx_itabashi_nakadai,スーパーベルクス,板橋中台店,2026-09-13,2026-09-13,北海道産 かぼちゃ,100g当り,39,42,0.08,,青果,,verified_snapshot,user_uploaded_pdf_visual_verified,verified,https://chirashi-guide.com/chirashi-file/2026/09/351/351-1_15968215_0.jpg,351-1_15968215_0.jpg,6f5da29805265b5f2f9e3f58a3d679f360d307a871220aaa5888256fac88f3cf,Belx current flyer: visually verified from user-provided Tokubai PDF
belx_itabashi_nakadai,スーパーベルクス,板橋中台店,2026-09-13,2026-09-13,バナナ,1袋,99,106,0.08,,青果,,verified_snapshot,user_uploaded_pdf_visual_verified,verified,https://chirashi-guide.com/chirashi-file/2026/09/351/351-1_15968215_0.jpg,351-1_15968215_0.jpg,6f5da29805265b5f2f9e3f58a3d679f360d307a871220aaa5888256fac88f3cf,Belx current flyer: visually verified from user-provided Tokubai PDF
belx_itabashi_nakadai,スーパーベルクス,板橋中台店,2026-09-13,2026-09-13,豚肉ロース しゃぶしゃぶ用・切り落とし,100g当り,99,106,0.08,,精肉,,verified_snapshot,user_uploaded_pdf_visual_verified,verified,https://chirashi-guide.com/chirashi-file/2026/09/351/351-1_15968215_0.jpg,351-1_15968215_0.jpg,6f5da29805265b5f2f9e3f58a3d679f360d307a871220aaa5888256fac88f3cf,Belx current flyer: visually verified from user-provided Tokubai PDF
belx_itabashi_nakadai,スーパーベルクス,板橋中台店,2026-09-13,2026-09-13,牛肉切り落とし（ジャンボパック）,320g入,1000,1080,0.08,,精肉,,verified_snapshot,user_uploaded_pdf_visual_verified,verified,https://chirashi-guide.com/chirashi-file/2026/09/351/351-1_15968215_0.jpg,351-1_15968215_0.jpg,6f5da29805265b5f2f9e3f58a3d679f360d307a871220aaa5888256fac88f3cf,Belx current flyer: visually verified from user-provided Tokubai PDF
belx_itabashi_nakadai,スーパーベルクス,板橋中台店,2026-09-13,2026-09-13,新潟県産 コシヒカリ,5kg,1990,2149,0.08,,米,,verified_snapshot,user_uploaded_pdf_visual_verified,verified,https://chirashi-guide.com/chirashi-file/2026/09/351/351-1_15968215_0.jpg,351-1_15968215_0.jpg,6f5da29805265b5f2f9e3f58a3d679f360d307a871220aaa5888256fac88f3cf,Belx current flyer: visually verified from user-provided Tokubai PDF
belx_itabashi_nakadai,スーパーベルクス,板橋中台店,2026-09-13,2026-09-13,若鶏手羽元,100g当り,69,74,0.08,,精肉,,verified_snapshot,user_uploaded_pdf_visual_verified,verified,https://chirashi-guide.com/chirashi-file/2026/09/351/351-1_15968215_0.jpg,351-1_15968215_0.jpg,6f5da29805265b5f2f9e3f58a3d679f360d307a871220aaa5888256fac88f3cf,Belx current flyer: visually verified from user-provided Tokubai PDF
belx_itabashi_nakadai,スーパーベルクス,板橋中台店,2026-09-13,2026-09-13,マルちゃん 焼そば各種,各3人前,139,150,0.08,,麺類,,verified_snapshot,user_uploaded_pdf_visual_verified,verified,https://chirashi-guide.com/chirashi-file/2026/09/351/351-1_15968215_0.jpg,351-1_15968215_0.jpg,6f5da29805265b5f2f9e3f58a3d679f360d307a871220aaa5888256fac88f3cf,Belx current flyer: visually verified from user-provided Tokubai PDF
belx_itabashi_nakadai,スーパーベルクス,板橋中台店,2026-09-13,2026-09-13,豚肉こま切れ,100g当り,99,106,0.08,,精肉,,verified_snapshot,user_uploaded_pdf_visual_verified,verified,https://chirashi-guide.com/chirashi-file/2026/09/351/351-1_15968215_0.jpg,351-1_15968215_0.jpg,6f5da29805265b5f2f9e3f58a3d679f360d307a871220aaa5888256fac88f3cf,Belx current flyer: visually verified from user-provided Tokubai PDF
belx_itabashi_nakadai,スーパーベルクス,板橋中台店,2026-09-13,2026-09-13,味の素 ギョーザ,1袋,179,193,0.08,,冷凍食品,,verified_snapshot,user_uploaded_pdf_visual_verified,verified,https://chirashi-guide.com/chirashi-file/2026/09/351/351-1_15968215_0.jpg,351-1_15968215_0.jpg,6f5da29805265b5f2f9e3f58a3d679f360d307a871220aaa5888256fac88f3cf,Belx current flyer: visually verified from user-provided Tokubai PDF
belx_itabashi_nakadai,スーパーベルクス,板橋中台店,2026-09-13,2026-09-13,ファンナー 100%アップルジュース,1000ml,199,214,0.08,,飲料,,verified_snapshot,user_uploaded_pdf_visual_verified,verified,https://chirashi-guide.com/chirashi-file/2026/09/351/351-1_15968215_0.jpg,351-1_15968215_0.jpg,6f5da29805265b5f2f9e3f58a3d679f360d307a871220aaa5888256fac88f3cf,Belx current flyer: visually verified from user-provided Tokubai PDF
belx_itabashi_nakadai,スーパーベルクス,板橋中台店,2026-09-13,2026-09-13,とんかつ,1枚,290,313,0.08,,惣菜,,verified_snapshot,user_uploaded_pdf_visual_verified,verified,https://chirashi-guide.com/chirashi-file/2026/09/351/351-1_15968215_0.jpg,351-1_15968215_0.jpg,6f5da29805265b5f2f9e3f58a3d679f360d307a871220aaa5888256fac88f3cf,Belx current flyer: visually verified from user-provided Tokubai PDF
belx_itabashi_nakadai,スーパーベルクス,板橋中台店,2026-09-13,2026-09-13,寿司盛合せ,1パック,579,625,0.08,,寿司,,verified_snapshot,user_uploaded_pdf_visual_verified,verified,https://chirashi-guide.com/chirashi-file/2026/09/351/351-1_15968215_0.jpg,351-1_15968215_0.jpg,6f5da29805265b5f2f9e3f58a3d679f360d307a871220aaa5888256fac88f3cf,Belx current flyer: visually verified from user-provided Tokubai PDF
belx_itabashi_nakadai,スーパーベルクス,板橋中台店,2026-09-13,2026-09-13,豚肉ロース切身,100g当り,159,171,0.08,,精肉,,verified_snapshot,user_uploaded_pdf_visual_verified,verified,https://chirashi-guide.com/chirashi-file/2026/09/351/351-1_15968215_0.jpg,351-1_15968215_0.jpg,6f5da29805265b5f2f9e3f58a3d679f360d307a871220aaa5888256fac88f3cf,Belx current flyer: visually verified from user-provided Tokubai PDF
belx_itabashi_nakadai,スーパーベルクス,板橋中台店,2026-09-13,2026-09-13,じゃがいも,1袋,299,322,0.08,,青果,,verified_snapshot,user_uploaded_pdf_visual_verified,verified,https://chirashi-guide.com/chirashi-file/2026/09/351/351-1_15968215_0.jpg,351-1_15968215_0.jpg,6f5da29805265b5f2f9e3f58a3d679f360d307a871220aaa5888256fac88f3cf,Belx current flyer: visually verified from user-provided Tokubai PDF
belx_itabashi_nakadai,スーパーベルクス,板橋中台店,2026-09-13,2026-09-13,玉ねぎ,1袋,299,322,0.08,,青果,,verified_snapshot,user_uploaded_pdf_visual_verified,verified,https://chirashi-guide.com/chirashi-file/2026/09/351/351-1_15968215_0.jpg,351-1_15968215_0.jpg,6f5da29805265b5f2f9e3f58a3d679f360d307a871220aaa5888256fac88f3cf,Belx current flyer: visually verified from user-provided Tokubai PDF
belx_itabashi_nakadai,スーパーベルクス,板橋中台店,2026-09-13,2026-09-13,Newヤクルト,10本入,359,387,0.08,,飲料,,verified_snapshot,user_uploaded_pdf_visual_verified,verified,https://chirashi-guide.com/chirashi-file/2026/09/351/351-1_15968215_0.jpg,351-1_15968215_0.jpg,6f5da29805265b5f2f9e3f58a3d679f360d307a871220aaa5888256fac88f3cf,Belx current flyer: visually verified from user-provided Tokubai PDF
belx_itabashi_nakadai,スーパーベルクス,板橋中台店,2026-09-14,2026-09-14,モランボン 韓の食菜 石焼風ビビンバ,1袋,199,214,0.08,,加工食品,,verified_snapshot,user_uploaded_pdf_visual_verified,verified,https://chirashi-guide.com/chirashi-file/2026/09/351/351-1_15968215_1.jpg,351-1_15968215_1.jpg,9eda47b657bd8086a29ca030512fcbb8b5a775dc85cf9fd2227a8da8c719b380,Belx current flyer: visually verified from user-provided Tokubai PDF
belx_itabashi_nakadai,スーパーベルクス,板橋中台店,2026-09-14,2026-09-14,モランボン 韓の食菜 春雨プルコギ,1袋,199,214,0.08,,加工食品,,verified_snapshot,user_uploaded_pdf_visual_verified,verified,https://chirashi-guide.com/chirashi-file/2026/09/351/351-1_15968215_1.jpg,351-1_15968215_1.jpg,9eda47b657bd8086a29ca030512fcbb8b5a775dc85cf9fd2227a8da8c719b380,Belx current flyer: visually verified from user-provided Tokubai PDF
belx_itabashi_nakadai,スーパーベルクス,板橋中台店,2026-09-14,2026-09-14,モランボン 韓の食菜 チャプチェ,1袋,199,214,0.08,,加工食品,,verified_snapshot,user_uploaded_pdf_visual_verified,verified,https://chirashi-guide.com/chirashi-file/2026/09/351/351-1_15968215_1.jpg,351-1_15968215_1.jpg,9eda47b657bd8086a29ca030512fcbb8b5a775dc85cf9fd2227a8da8c719b380,Belx current flyer: visually verified from user-provided Tokubai PDF
belx_itabashi_nakadai,スーパーベルクス,板橋中台店,2026-09-14,2026-09-14,牛豚挽肉（超メガ盛り）,100g当り,99,106,0.08,,精肉,,verified_snapshot,user_uploaded_pdf_visual_verified,verified,https://chirashi-guide.com/chirashi-file/2026/09/351/351-1_15968215_1.jpg,351-1_15968215_1.jpg,9eda47b657bd8086a29ca030512fcbb8b5a775dc85cf9fd2227a8da8c719b380,Belx current flyer: visually verified from user-provided Tokubai PDF
belx_itabashi_nakadai,スーパーベルクス,板橋中台店,2026-09-14,2026-09-14,日清 カップヌードル各種,各1個,159,171,0.08,,加工食品,,verified_snapshot,user_uploaded_pdf_visual_verified,verified,https://chirashi-guide.com/chirashi-file/2026/09/351/351-1_15968215_1.jpg,351-1_15968215_1.jpg,9eda47b657bd8086a29ca030512fcbb8b5a775dc85cf9fd2227a8da8c719b380,Belx current flyer: visually verified from user-provided Tokubai PDF
belx_itabashi_nakadai,スーパーベルクス,板橋中台店,2026-09-14,2026-09-14,かつおたたき（刺身用）,100g当り,199,214,0.08,,鮮魚,,verified_snapshot,user_uploaded_pdf_visual_verified,verified,https://chirashi-guide.com/chirashi-file/2026/09/351/351-1_15968215_1.jpg,351-1_15968215_1.jpg,9eda47b657bd8086a29ca030512fcbb8b5a775dc85cf9fd2227a8da8c719b380,Belx current flyer: visually verified from user-provided Tokubai PDF
belx_itabashi_nakadai,スーパーベルクス,板橋中台店,2026-09-14,2026-09-14,冷凍あんかけラーメン・焼そば各種,各1袋,299,322,0.08,,冷凍食品,,verified_snapshot,user_uploaded_pdf_visual_verified,verified,https://chirashi-guide.com/chirashi-file/2026/09/351/351-1_15968215_1.jpg,351-1_15968215_1.jpg,9eda47b657bd8086a29ca030512fcbb8b5a775dc85cf9fd2227a8da8c719b380,Belx current flyer: visually verified from user-provided Tokubai PDF
belx_itabashi_nakadai,スーパーベルクス,板橋中台店,2026-09-14,2026-09-14,ヤマザキ コロネ（ダブルマロン）,1個,99,106,0.08,,パン,,verified_snapshot,user_uploaded_pdf_visual_verified,verified,https://chirashi-guide.com/chirashi-file/2026/09/351/351-1_15968215_1.jpg,351-1_15968215_1.jpg,9eda47b657bd8086a29ca030512fcbb8b5a775dc85cf9fd2227a8da8c719b380,Belx current flyer: visually verified from user-provided Tokubai PDF
belx_itabashi_nakadai,スーパーベルクス,板橋中台店,2026-09-14,2026-09-14,ヤマザキ ふんわりシフォンパン,1個,99,106,0.08,,パン,,verified_snapshot,user_uploaded_pdf_visual_verified,verified,https://chirashi-guide.com/chirashi-file/2026/09/351/351-1_15968215_1.jpg,351-1_15968215_1.jpg,9eda47b657bd8086a29ca030512fcbb8b5a775dc85cf9fd2227a8da8c719b380,Belx current flyer: visually verified from user-provided Tokubai PDF
belx_itabashi_nakadai,スーパーベルクス,板橋中台店,2026-09-14,2026-09-14,ヤマザキ うずまきマロンデニッシュ,1個,99,106,0.08,,パン,,verified_snapshot,user_uploaded_pdf_visual_verified,verified,https://chirashi-guide.com/chirashi-file/2026/09/351/351-1_15968215_1.jpg,351-1_15968215_1.jpg,9eda47b657bd8086a29ca030512fcbb8b5a775dc85cf9fd2227a8da8c719b380,Belx current flyer: visually verified from user-provided Tokubai PDF
belx_itabashi_nakadai,スーパーベルクス,板橋中台店,2026-09-14,2026-09-14,カナダ産 豚肉切り落とし,100g当り,119,128,0.08,,精肉,,verified_snapshot,user_uploaded_pdf_visual_verified,verified,https://chirashi-guide.com/chirashi-file/2026/09/351/351-1_15968215_1.jpg,351-1_15968215_1.jpg,9eda47b657bd8086a29ca030512fcbb8b5a775dc85cf9fd2227a8da8c719b380,Belx current flyer: visually verified from user-provided Tokubai PDF
belx_itabashi_nakadai,スーパーベルクス,板橋中台店,2026-09-14,2026-09-14,国産 牛肉切り落とし,100g当り,299,322,0.08,,精肉,,verified_snapshot,user_uploaded_pdf_visual_verified,verified,https://chirashi-guide.com/chirashi-file/2026/09/351/351-1_15968215_1.jpg,351-1_15968215_1.jpg,9eda47b657bd8086a29ca030512fcbb8b5a775dc85cf9fd2227a8da8c719b380,Belx current flyer: visually verified from user-provided Tokubai PDF
belx_itabashi_nakadai,スーパーベルクス,板橋中台店,2026-09-14,2026-09-14,国産 豚白もつ,100g当り,88,95,0.08,,精肉,,verified_snapshot,user_uploaded_pdf_visual_verified,verified,https://chirashi-guide.com/chirashi-file/2026/09/351/351-1_15968215_1.jpg,351-1_15968215_1.jpg,9eda47b657bd8086a29ca030512fcbb8b5a775dc85cf9fd2227a8da8c719b380,Belx current flyer: visually verified from user-provided Tokubai PDF
belx_itabashi_nakadai,スーパーベルクス,板橋中台店,2026-09-14,2026-09-14,にんじん,1袋,99,106,0.08,,青果,,verified_snapshot,user_uploaded_pdf_visual_verified,verified,https://chirashi-guide.com/chirashi-file/2026/09/351/351-1_15968215_1.jpg,351-1_15968215_1.jpg,9eda47b657bd8086a29ca030512fcbb8b5a775dc85cf9fd2227a8da8c719b380,Belx current flyer: visually verified from user-provided Tokubai PDF
belx_itabashi_nakadai,スーパーベルクス,板橋中台店,2026-09-14,2026-09-14,ナポリタン,1パック,290,313,0.08,,惣菜,,verified_snapshot,user_uploaded_pdf_visual_verified,verified,https://chirashi-guide.com/chirashi-file/2026/09/351/351-1_15968215_1.jpg,351-1_15968215_1.jpg,9eda47b657bd8086a29ca030512fcbb8b5a775dc85cf9fd2227a8da8c719b380,Belx current flyer: visually verified from user-provided Tokubai PDF
belx_itabashi_nakadai,スーパーベルクス,板橋中台店,2026-09-14,2026-09-14,海鮮盛,1パック,580,626,0.08,,鮮魚,,verified_snapshot,user_uploaded_pdf_visual_verified,verified,https://chirashi-guide.com/chirashi-file/2026/09/351/351-1_15968215_1.jpg,351-1_15968215_1.jpg,9eda47b657bd8086a29ca030512fcbb8b5a775dc85cf9fd2227a8da8c719b380,Belx current flyer: visually verified from user-provided Tokubai PDF
belx_itabashi_nakadai,スーパーベルクス,板橋中台店,2026-09-14,2026-09-14,クリームコロッケ,1パック,290,313,0.08,,惣菜,,verified_snapshot,user_uploaded_pdf_visual_verified,verified,https://chirashi-guide.com/chirashi-file/2026/09/351/351-1_15968215_1.jpg,351-1_15968215_1.jpg,9eda47b657bd8086a29ca030512fcbb8b5a775dc85cf9fd2227a8da8c719b380,Belx current flyer: visually verified from user-provided Tokubai PDF
belx_itabashi_nakadai,スーパーベルクス,板橋中台店,2026-09-14,2026-09-14,若鶏レバー,100g当り,29,31,0.08,,精肉,,verified_snapshot,user_uploaded_pdf_visual_verified,verified,https://chirashi-guide.com/chirashi-file/2026/09/351/351-1_15968215_1.jpg,351-1_15968215_1.jpg,9eda47b657bd8086a29ca030512fcbb8b5a775dc85cf9fd2227a8da8c719b380,Belx current flyer: visually verified from user-provided Tokubai PDF
belx_itabashi_nakadai,スーパーベルクス,板橋中台店,2026-09-15,2026-09-15,赤城乳業 ガツン、とみかん,1箱,199,214,0.08,,アイス,,verified_snapshot,user_uploaded_pdf_visual_verified,verified,https://chirashi-guide.com/chirashi-file/2026/09/351/351-1_15968215_1.jpg,351-1_15968215_1.jpg,4607d29ca13c289fc48200a6be87dcd55abeee91dd71e8853df252d0f9655786,Belx current flyer: visually verified from user-provided Tokubai PDF
belx_itabashi_nakadai,スーパーベルクス,板橋中台店,2026-09-15,2026-09-15,カルピスアイスバー,1箱,222,239,0.08,,アイス,,verified_snapshot,user_uploaded_pdf_visual_verified,verified,https://chirashi-guide.com/chirashi-file/2026/09/351/351-1_15968215_1.jpg,351-1_15968215_1.jpg,4607d29ca13c289fc48200a6be87dcd55abeee91dd71e8853df252d0f9655786,Belx current flyer: visually verified from user-provided Tokubai PDF
belx_itabashi_nakadai,スーパーベルクス,板橋中台店,2026-09-15,2026-09-15,森永乳業 PARM チョコレート,1箱,299,322,0.08,,アイス,,verified_snapshot,user_uploaded_pdf_visual_verified,verified,https://chirashi-guide.com/chirashi-file/2026/09/351/351-1_15968215_1.jpg,351-1_15968215_1.jpg,4607d29ca13c289fc48200a6be87dcd55abeee91dd71e8853df252d0f9655786,Belx current flyer: visually verified from user-provided Tokubai PDF
belx_itabashi_nakadai,スーパーベルクス,板橋中台店,2026-09-15,2026-09-15,豚肉こま切れ（超メガ盛り）,100g当り,99,106,0.08,,精肉,,verified_snapshot,user_uploaded_pdf_visual_verified,verified,https://chirashi-guide.com/chirashi-file/2026/09/351/351-1_15968215_1.jpg,351-1_15968215_1.jpg,4607d29ca13c289fc48200a6be87dcd55abeee91dd71e8853df252d0f9655786,Belx current flyer: visually verified from user-provided Tokubai PDF
belx_itabashi_nakadai,スーパーベルクス,板橋中台店,2026-09-15,2026-09-15,中巻寿司バイキング各種,各1本,99,106,0.08,,寿司,,verified_snapshot,user_uploaded_pdf_visual_verified,verified,https://chirashi-guide.com/chirashi-file/2026/09/351/351-1_15968215_1.jpg,351-1_15968215_1.jpg,4607d29ca13c289fc48200a6be87dcd55abeee91dd71e8853df252d0f9655786,Belx current flyer: visually verified from user-provided Tokubai PDF
belx_itabashi_nakadai,スーパーベルクス,板橋中台店,2026-09-15,2026-09-15,オランジェ とろ～りカスタードプチシュー,1袋,88,95,0.08,,菓子,,verified_snapshot,user_uploaded_pdf_visual_verified,verified,https://chirashi-guide.com/chirashi-file/2026/09/351/351-1_15968215_1.jpg,351-1_15968215_1.jpg,4607d29ca13c289fc48200a6be87dcd55abeee91dd71e8853df252d0f9655786,Belx current flyer: visually verified from user-provided Tokubai PDF
belx_itabashi_nakadai,スーパーベルクス,板橋中台店,2026-09-15,2026-09-15,あんバターどらやき,1個,88,95,0.08,,菓子,,verified_snapshot,user_uploaded_pdf_visual_verified,verified,https://chirashi-guide.com/chirashi-file/2026/09/351/351-1_15968215_1.jpg,351-1_15968215_1.jpg,4607d29ca13c289fc48200a6be87dcd55abeee91dd71e8853df252d0f9655786,Belx current flyer: visually verified from user-provided Tokubai PDF
belx_itabashi_nakadai,スーパーベルクス,板橋中台店,2026-09-15,2026-09-15,もちもちロール,1個,88,95,0.08,,菓子,,verified_snapshot,user_uploaded_pdf_visual_verified,verified,https://chirashi-guide.com/chirashi-file/2026/09/351/351-1_15968215_1.jpg,351-1_15968215_1.jpg,4607d29ca13c289fc48200a6be87dcd55abeee91dd71e8853df252d0f9655786,Belx current flyer: visually verified from user-provided Tokubai PDF
belx_itabashi_nakadai,スーパーベルクス,板橋中台店,2026-09-15,2026-09-15,牧場の朝ヨーグルト等,各1パック,99,106,0.08,,日配食品,,verified_snapshot,user_uploaded_pdf_visual_verified,verified,https://chirashi-guide.com/chirashi-file/2026/09/351/351-1_15968215_1.jpg,351-1_15968215_1.jpg,4607d29ca13c289fc48200a6be87dcd55abeee91dd71e8853df252d0f9655786,Belx current flyer: visually verified from user-provided Tokubai PDF
belx_itabashi_nakadai,スーパーベルクス,板橋中台店,2026-09-15,2026-09-15,太平洋産 びんちょうまぐろ（解凍）,100g当り,159,171,0.08,,鮮魚,,verified_snapshot,user_uploaded_pdf_visual_verified,verified,https://chirashi-guide.com/chirashi-file/2026/09/351/351-1_15968215_1.jpg,351-1_15968215_1.jpg,4607d29ca13c289fc48200a6be87dcd55abeee91dd71e8853df252d0f9655786,Belx current flyer: visually verified from user-provided Tokubai PDF
belx_itabashi_nakadai,スーパーベルクス,板橋中台店,2026-09-15,2026-09-15,明治 えびグラタン,3個入,333,359,0.08,,冷凍食品,,verified_snapshot,user_uploaded_pdf_visual_verified,verified,https://chirashi-guide.com/chirashi-file/2026/09/351/351-1_15968215_1.jpg,351-1_15968215_1.jpg,4607d29ca13c289fc48200a6be87dcd55abeee91dd71e8853df252d0f9655786,Belx current flyer: visually verified from user-provided Tokubai PDF
belx_itabashi_nakadai,スーパーベルクス,板橋中台店,2026-09-15,2026-09-15,明治 えびドリア,3個入,333,359,0.08,,冷凍食品,,verified_snapshot,user_uploaded_pdf_visual_verified,verified,https://chirashi-guide.com/chirashi-file/2026/09/351/351-1_15968215_1.jpg,351-1_15968215_1.jpg,4607d29ca13c289fc48200a6be87dcd55abeee91dd71e8853df252d0f9655786,Belx current flyer: visually verified from user-provided Tokubai PDF
belx_itabashi_nakadai,スーパーベルクス,板橋中台店,2026-09-15,2026-09-15,日清 ソース焼きそばカップ等,各1個,100,108,0.08,,加工食品,,verified_snapshot,user_uploaded_pdf_visual_verified,verified,https://chirashi-guide.com/chirashi-file/2026/09/351/351-1_15968215_1.jpg,351-1_15968215_1.jpg,4607d29ca13c289fc48200a6be87dcd55abeee91dd71e8853df252d0f9655786,Belx current flyer: visually verified from user-provided Tokubai PDF
belx_itabashi_nakadai,スーパーベルクス,板橋中台店,2026-09-15,2026-09-15,ヤマザキ ロイヤルブレッド,1袋,159,171,0.08,,パン,,verified_snapshot,user_uploaded_pdf_visual_verified,verified,https://chirashi-guide.com/chirashi-file/2026/09/351/351-1_15968215_1.jpg,351-1_15968215_1.jpg,4607d29ca13c289fc48200a6be87dcd55abeee91dd71e8853df252d0f9655786,Belx current flyer: visually verified from user-provided Tokubai PDF
belx_itabashi_nakadai,スーパーベルクス,板橋中台店,2026-09-15,2026-09-15,美山 焼肉屋の味キムチ,1パック,159,171,0.08,,日配食品,,verified_snapshot,user_uploaded_pdf_visual_verified,verified,https://chirashi-guide.com/chirashi-file/2026/09/351/351-1_15968215_1.jpg,351-1_15968215_1.jpg,4607d29ca13c289fc48200a6be87dcd55abeee91dd71e8853df252d0f9655786,Belx current flyer: visually verified from user-provided Tokubai PDF
belx_itabashi_nakadai,スーパーベルクス,板橋中台店,2026-09-15,2026-09-15,マルちゃん チャーハン各種,各1袋,159,171,0.08,,冷凍食品,,verified_snapshot,user_uploaded_pdf_visual_verified,verified,https://chirashi-guide.com/chirashi-file/2026/09/351/351-1_15968215_1.jpg,351-1_15968215_1.jpg,4607d29ca13c289fc48200a6be87dcd55abeee91dd71e8853df252d0f9655786,Belx current flyer: visually verified from user-provided Tokubai PDF
belx_itabashi_nakadai,スーパーベルクス,板橋中台店,2026-09-15,2026-09-15,日清ヨーク ピルクル400,1パック,199,214,0.08,,飲料,,verified_snapshot,user_uploaded_pdf_visual_verified,verified,https://chirashi-guide.com/chirashi-file/2026/09/351/351-1_15968215_1.jpg,351-1_15968215_1.jpg,4607d29ca13c289fc48200a6be87dcd55abeee91dd71e8853df252d0f9655786,Belx current flyer: visually verified from user-provided Tokubai PDF
belx_itabashi_nakadai,スーパーベルクス,板橋中台店,2026-09-15,2026-09-15,だし香る濃いかつ丼（大）,1パック,399,430,0.08,,惣菜,,verified_snapshot,user_uploaded_pdf_visual_verified,verified,https://chirashi-guide.com/chirashi-file/2026/09/351/351-1_15968215_1.jpg,351-1_15968215_1.jpg,4607d29ca13c289fc48200a6be87dcd55abeee91dd71e8853df252d0f9655786,Belx current flyer: visually verified from user-provided Tokubai PDF
belx_itabashi_nakadai,スーパーベルクス,板橋中台店,2026-09-15,2026-09-15,茨城県産 ミルキークイーン,5kg,2290,2473,0.08,,米,,verified_snapshot,user_uploaded_pdf_visual_verified,verified,https://chirashi-guide.com/chirashi-file/2026/09/351/351-1_15968215_1.jpg,351-1_15968215_1.jpg,4607d29ca13c289fc48200a6be87dcd55abeee91dd71e8853df252d0f9655786,Belx current flyer: visually verified from user-provided Tokubai PDF
belx_itabashi_nakadai,スーパーベルクス,板橋中台店,2026-09-15,2026-09-15,豚肩ロース切り落とし,100g当り,99,106,0.08,,精肉,,verified_snapshot,user_uploaded_pdf_visual_verified,verified,https://chirashi-guide.com/chirashi-file/2026/09/351/351-1_15968215_1.jpg,351-1_15968215_1.jpg,4607d29ca13c289fc48200a6be87dcd55abeee91dd71e8853df252d0f9655786,Belx current flyer: visually verified from user-provided Tokubai PDF
belx_itabashi_nakadai,スーパーベルクス,板橋中台店,2026-09-15,2026-09-15,豚ロース味噌漬,100g当り,99,106,0.08,,精肉,,verified_snapshot,user_uploaded_pdf_visual_verified,verified,https://chirashi-guide.com/chirashi-file/2026/09/351/351-1_15968215_1.jpg,351-1_15968215_1.jpg,4607d29ca13c289fc48200a6be87dcd55abeee91dd71e8853df252d0f9655786,Belx current flyer: visually verified from user-provided Tokubai PDF
belx_itabashi_nakadai,スーパーベルクス,板橋中台店,2026-09-15,2026-09-15,牛肉切り落とし,100g当り,199,214,0.08,,精肉,,verified_snapshot,user_uploaded_pdf_visual_verified,verified,https://chirashi-guide.com/chirashi-file/2026/09/351/351-1_15968215_1.jpg,351-1_15968215_1.jpg,4607d29ca13c289fc48200a6be87dcd55abeee91dd71e8853df252d0f9655786,Belx current flyer: visually verified from user-provided Tokubai PDF
belx_itabashi_nakadai,スーパーベルクス,板橋中台店,2026-09-15,2026-09-15,フランスパン各種,各1個,88,95,0.08,,パン,,verified_snapshot,user_uploaded_pdf_visual_verified,verified,https://chirashi-guide.com/chirashi-file/2026/09/351/351-1_15968215_1.jpg,351-1_15968215_1.jpg,4607d29ca13c289fc48200a6be87dcd55abeee91dd71e8853df252d0f9655786,Belx current flyer: visually verified from user-provided Tokubai PDF
belx_itabashi_nakadai,スーパーベルクス,板橋中台店,2026-09-15,2026-09-15,海鮮丼,1パック,390,421,0.08,,惣菜,,verified_snapshot,user_uploaded_pdf_visual_verified,verified,https://chirashi-guide.com/chirashi-file/2026/09/351/351-1_15968215_1.jpg,351-1_15968215_1.jpg,4607d29ca13c289fc48200a6be87dcd55abeee91dd71e8853df252d0f9655786,Belx current flyer: visually verified from user-provided Tokubai PDF
belx_itabashi_nakadai,スーパーベルクス,板橋中台店,2026-09-15,2026-09-15,雪国ぶなしめじ・雪国まいたけ等,各1パック,88,95,0.08,,青果,,verified_snapshot,user_uploaded_pdf_visual_verified,verified,https://chirashi-guide.com/chirashi-file/2026/09/351/351-1_15968215_1.jpg,351-1_15968215_1.jpg,4607d29ca13c289fc48200a6be87dcd55abeee91dd71e8853df252d0f9655786,Belx current flyer: visually verified from user-provided Tokubai PDF
belx_itabashi_nakadai,スーパーベルクス,板橋中台店,2026-09-15,2026-09-15,若鶏モモ肉（超メガ盛り・4枚入以上）,100g当り,88,95,0.08,,精肉,,verified_snapshot,user_uploaded_pdf_visual_verified,verified,https://chirashi-guide.com/chirashi-file/2026/09/351/351-1_15968215_1.jpg,351-1_15968215_1.jpg,4607d29ca13c289fc48200a6be87dcd55abeee91dd71e8853df252d0f9655786,Belx current flyer: visually verified from user-provided Tokubai PDF
belx_itabashi_nakadai,スーパーベルクス,板橋中台店,2026-09-15,2026-09-15,湖池屋 ポテトチップス各種,各1袋,88,95,0.08,,菓子,,verified_snapshot,user_uploaded_pdf_visual_verified,verified,https://chirashi-guide.com/chirashi-file/2026/09/351/351-1_15968215_1.jpg,351-1_15968215_1.jpg,4607d29ca13c289fc48200a6be87dcd55abeee91dd71e8853df252d0f9655786,Belx current flyer: visually verified from user-provided Tokubai PDF
belx_itabashi_nakadai,スーパーベルクス,板橋中台店,2026-09-15,2026-09-15,金澤兼六製菓 ケーキ各種,各1個,88,95,0.08,,菓子,,verified_snapshot,user_uploaded_pdf_visual_verified,verified,https://chirashi-guide.com/chirashi-file/2026/09/351/351-1_15968215_1.jpg,351-1_15968215_1.jpg,4607d29ca13c289fc48200a6be87dcd55abeee91dd71e8853df252d0f9655786,Belx current flyer: visually verified from user-provided Tokubai PDF
belx_itabashi_nakadai,スーパーベルクス,板橋中台店,2026-09-16,2026-09-16,ロシア産 子持ち浅羽かれい（解凍）,100g当り,100,108,0.08,,鮮魚,,verified_snapshot,user_uploaded_pdf_visual_verified,verified,https://chirashi-guide.com/chirashi-file/2026/09/351/351-1_15968215_1.jpg,351-1_15968215_1.jpg,ef14d4e55dc7faeee5017d1073bb6f9665e5db16177e9dcd1b3770fa085ee8b9,Belx current flyer: visually verified from user-provided Tokubai PDF
belx_itabashi_nakadai,スーパーベルクス,板橋中台店,2026-09-16,2026-09-16,銘柄ポーク 豚肉こま切れ（超メガ盛り）,100g当り,99,106,0.08,,精肉,,verified_snapshot,user_uploaded_pdf_visual_verified,verified,https://chirashi-guide.com/chirashi-file/2026/09/351/351-1_15968215_1.jpg,351-1_15968215_1.jpg,ef14d4e55dc7faeee5017d1073bb6f9665e5db16177e9dcd1b3770fa085ee8b9,Belx current flyer: visually verified from user-provided Tokubai PDF
belx_itabashi_nakadai,スーパーベルクス,板橋中台店,2026-09-16,2026-09-16,豚肉ロース とんかつ用（ジャンボパック）,100g当り,99,106,0.08,,精肉,,verified_snapshot,user_uploaded_pdf_visual_verified,verified,https://chirashi-guide.com/chirashi-file/2026/09/351/351-1_15968215_1.jpg,351-1_15968215_1.jpg,ef14d4e55dc7faeee5017d1073bb6f9665e5db16177e9dcd1b3770fa085ee8b9,Belx current flyer: visually verified from user-provided Tokubai PDF
belx_itabashi_nakadai,スーパーベルクス,板橋中台店,2026-09-16,2026-09-16,ビヒダスヨーグルト各種,各1パック,159,171,0.08,,日配食品,,verified_snapshot,user_uploaded_pdf_visual_verified,verified,https://chirashi-guide.com/chirashi-file/2026/09/351/351-1_15968215_1.jpg,351-1_15968215_1.jpg,ef14d4e55dc7faeee5017d1073bb6f9665e5db16177e9dcd1b3770fa085ee8b9,Belx current flyer: visually verified from user-provided Tokubai PDF
belx_itabashi_nakadai,スーパーベルクス,板橋中台店,2026-09-16,2026-09-16,牛肉プルコギ風味付,100g当り,199,214,0.08,,精肉,,verified_snapshot,user_uploaded_pdf_visual_verified,verified,https://chirashi-guide.com/chirashi-file/2026/09/351/351-1_15968215_1.jpg,351-1_15968215_1.jpg,ef14d4e55dc7faeee5017d1073bb6f9665e5db16177e9dcd1b3770fa085ee8b9,Belx current flyer: visually verified from user-provided Tokubai PDF
belx_itabashi_nakadai,スーパーベルクス,板橋中台店,2026-09-16,2026-09-16,トロピカーナ 果実飲料各種,各900ml,222,239,0.08,,飲料,,verified_snapshot,user_uploaded_pdf_visual_verified,verified,https://chirashi-guide.com/chirashi-file/2026/09/351/351-1_15968215_1.jpg,351-1_15968215_1.jpg,ef14d4e55dc7faeee5017d1073bb6f9665e5db16177e9dcd1b3770fa085ee8b9,Belx current flyer: visually verified from user-provided Tokubai PDF
belx_itabashi_nakadai,スーパーベルクス,板橋中台店,2026-09-16,2026-09-16,相模屋 木綿・絹 ダブルパック,各1パック,88,95,0.08,,日配食品,,verified_snapshot,user_uploaded_pdf_visual_verified,verified,https://chirashi-guide.com/chirashi-file/2026/09/351/351-1_15968215_1.jpg,351-1_15968215_1.jpg,ef14d4e55dc7faeee5017d1073bb6f9665e5db16177e9dcd1b3770fa085ee8b9,Belx current flyer: visually verified from user-provided Tokubai PDF
belx_itabashi_nakadai,スーパーベルクス,板橋中台店,2026-09-16,2026-09-16,銘柄ポーク 豚肩ロースうすぎり,100g当り,179,193,0.08,,精肉,,verified_snapshot,user_uploaded_pdf_visual_verified,verified,https://chirashi-guide.com/chirashi-file/2026/09/351/351-1_15968215_1.jpg,351-1_15968215_1.jpg,ef14d4e55dc7faeee5017d1073bb6f9665e5db16177e9dcd1b3770fa085ee8b9,Belx current flyer: visually verified from user-provided Tokubai PDF
belx_itabashi_nakadai,スーパーベルクス,板橋中台店,2026-09-16,2026-09-16,豚生姜焼き弁当,1パック,390,421,0.08,,惣菜,,verified_snapshot,user_uploaded_pdf_visual_verified,verified,https://chirashi-guide.com/chirashi-file/2026/09/351/351-1_15968215_1.jpg,351-1_15968215_1.jpg,ef14d4e55dc7faeee5017d1073bb6f9665e5db16177e9dcd1b3770fa085ee8b9,Belx current flyer: visually verified from user-provided Tokubai PDF
belx_itabashi_nakadai,スーパーベルクス,板橋中台店,2026-09-16,2026-09-16,キャベツ,1玉,149,160,0.08,,青果,,verified_snapshot,user_uploaded_pdf_visual_verified,verified,https://chirashi-guide.com/chirashi-file/2026/09/351/351-1_15968215_1.jpg,351-1_15968215_1.jpg,ef14d4e55dc7faeee5017d1073bb6f9665e5db16177e9dcd1b3770fa085ee8b9,Belx current flyer: visually verified from user-provided Tokubai PDF
belx_itabashi_nakadai,スーパーベルクス,板橋中台店,2026-09-16,2026-09-16,赤魚粕漬切身,1パック,299,322,0.08,,鮮魚,,verified_snapshot,user_uploaded_pdf_visual_verified,verified,https://chirashi-guide.com/chirashi-file/2026/09/351/351-1_15968215_1.jpg,351-1_15968215_1.jpg,ef14d4e55dc7faeee5017d1073bb6f9665e5db16177e9dcd1b3770fa085ee8b9,Belx current flyer: visually verified from user-provided Tokubai PDF
belx_itabashi_nakadai,スーパーベルクス,板橋中台店,2026-09-16,2026-09-16,だし巻玉子,1本,399,430,0.08,,日配食品,,verified_snapshot,user_uploaded_pdf_visual_verified,verified,https://chirashi-guide.com/chirashi-file/2026/09/351/351-1_15968215_1.jpg,351-1_15968215_1.jpg,ef14d4e55dc7faeee5017d1073bb6f9665e5db16177e9dcd1b3770fa085ee8b9,Belx current flyer: visually verified from user-provided Tokubai PDF
belx_itabashi_nakadai,スーパーベルクス,板橋中台店,2026-09-16,2026-09-16,さんま塩焼,1パック,290,313,0.08,,惣菜,,verified_snapshot,user_uploaded_pdf_visual_verified,verified,https://chirashi-guide.com/chirashi-file/2026/09/351/351-1_15968215_1.jpg,351-1_15968215_1.jpg,ef14d4e55dc7faeee5017d1073bb6f9665e5db16177e9dcd1b3770fa085ee8b9,Belx current flyer: visually verified from user-provided Tokubai PDF
belx_itabashi_nakadai,スーパーベルクス,板橋中台店,2026-09-16,2026-09-16,冷凍炒飯・焼飯各種,各1袋,333,359,0.08,,冷凍食品,,verified_snapshot,user_uploaded_pdf_visual_verified,verified,https://chirashi-guide.com/chirashi-file/2026/09/351/351-1_15968215_1.jpg,351-1_15968215_1.jpg,ef14d4e55dc7faeee5017d1073bb6f9665e5db16177e9dcd1b3770fa085ee8b9,Belx current flyer: visually verified from user-provided Tokubai PDF
belx_itabashi_nakadai,スーパーベルクス,板橋中台店,2026-09-16,2026-09-16,明太子,1パック,299,322,0.08,,鮮魚,,verified_snapshot,user_uploaded_pdf_visual_verified,verified,https://chirashi-guide.com/chirashi-file/2026/09/351/351-1_15968215_1.jpg,351-1_15968215_1.jpg,ef14d4e55dc7faeee5017d1073bb6f9665e5db16177e9dcd1b3770fa085ee8b9,Belx current flyer: visually verified from user-provided Tokubai PDF
belx_itabashi_nakadai,スーパーベルクス,板橋中台店,2026-09-16,2026-09-16,炭火焼鶏,1パック,290,313,0.08,,惣菜,,verified_snapshot,user_uploaded_pdf_visual_verified,verified,https://chirashi-guide.com/chirashi-file/2026/09/351/351-1_15968215_1.jpg,351-1_15968215_1.jpg,ef14d4e55dc7faeee5017d1073bb6f9665e5db16177e9dcd1b3770fa085ee8b9,Belx current flyer: visually verified from user-provided Tokubai PDF
belx_itabashi_nakadai,スーパーベルクス,板橋中台店,2026-09-17,2026-09-17,北海道産 大根,1本,149,160,0.08,,青果,,verified_snapshot,user_uploaded_pdf_visual_verified,verified,https://chirashi-guide.com/chirashi-file/2026/09/351/351-1_15968215_1.jpg,351-1_15968215_1.jpg,6106b396d9dba163790ab7c38f9ed6ba7b41db8b2895fa7240ce1fe10e268769,Belx current flyer: visually verified from user-provided Tokubai PDF
belx_itabashi_nakadai,スーパーベルクス,板橋中台店,2026-09-17,2026-09-17,相模屋 おだしがしみた油揚げスンドゥブ・麻婆豆腐等,各1セット,159,171,0.08,,日配食品,,verified_snapshot,user_uploaded_pdf_visual_verified,verified,https://chirashi-guide.com/chirashi-file/2026/09/351/351-1_15968215_1.jpg,351-1_15968215_1.jpg,6106b396d9dba163790ab7c38f9ed6ba7b41db8b2895fa7240ce1fe10e268769,Belx current flyer: visually verified from user-provided Tokubai PDF
belx_itabashi_nakadai,スーパーベルクス,板橋中台店,2026-09-17,2026-09-17,国産 若鶏手羽元（解凍含む）,100g当り,79,85,0.08,,精肉,,verified_snapshot,user_uploaded_pdf_visual_verified,verified,https://chirashi-guide.com/chirashi-file/2026/09/351/351-1_15968215_1.jpg,351-1_15968215_1.jpg,6106b396d9dba163790ab7c38f9ed6ba7b41db8b2895fa7240ce1fe10e268769,Belx current flyer: visually verified from user-provided Tokubai PDF
belx_itabashi_nakadai,スーパーベルクス,板橋中台店,2026-09-17,2026-09-17,十勝ミルクきわだつヨーグルト,1パック,149,160,0.08,,日配食品,,verified_snapshot,user_uploaded_pdf_visual_verified,verified,https://chirashi-guide.com/chirashi-file/2026/09/351/351-1_15968215_1.jpg,351-1_15968215_1.jpg,6106b396d9dba163790ab7c38f9ed6ba7b41db8b2895fa7240ce1fe10e268769,Belx current flyer: visually verified from user-provided Tokubai PDF
belx_itabashi_nakadai,スーパーベルクス,板橋中台店,2026-09-17,2026-09-17,えび（バナメイ・養殖解凍）,100g当り,179,193,0.08,,鮮魚,,verified_snapshot,user_uploaded_pdf_visual_verified,verified,https://chirashi-guide.com/chirashi-file/2026/09/351/351-1_15968215_1.jpg,351-1_15968215_1.jpg,6106b396d9dba163790ab7c38f9ed6ba7b41db8b2895fa7240ce1fe10e268769,Belx current flyer: visually verified from user-provided Tokubai PDF
belx_itabashi_nakadai,スーパーベルクス,板橋中台店,2026-09-17,2026-09-17,おつまみ惣菜各種,各1パック,88,95,0.08,,惣菜,,verified_snapshot,user_uploaded_pdf_visual_verified,verified,https://chirashi-guide.com/chirashi-file/2026/09/351/351-1_15968215_1.jpg,351-1_15968215_1.jpg,6106b396d9dba163790ab7c38f9ed6ba7b41db8b2895fa7240ce1fe10e268769,Belx current flyer: visually verified from user-provided Tokubai PDF
belx_itabashi_nakadai,スーパーベルクス,板橋中台店,2026-09-17,2026-09-17,豚肉ロース しゃぶしゃぶ用・切り落とし,100g当り,129,139,0.08,,精肉,,verified_snapshot,user_uploaded_pdf_visual_verified,verified,https://chirashi-guide.com/chirashi-file/2026/09/351/351-1_15968215_1.jpg,351-1_15968215_1.jpg,6106b396d9dba163790ab7c38f9ed6ba7b41db8b2895fa7240ce1fe10e268769,Belx current flyer: visually verified from user-provided Tokubai PDF
belx_itabashi_nakadai,スーパーベルクス,板橋中台店,2026-09-17,2026-09-17,ブルーベリー,1パック,199,214,0.08,,青果,,verified_snapshot,user_uploaded_pdf_visual_verified,verified,https://chirashi-guide.com/chirashi-file/2026/09/351/351-1_15968215_1.jpg,351-1_15968215_1.jpg,6106b396d9dba163790ab7c38f9ed6ba7b41db8b2895fa7240ce1fe10e268769,Belx current flyer: visually verified from user-provided Tokubai PDF
belx_itabashi_nakadai,スーパーベルクス,板橋中台店,2026-09-17,2026-09-17,豚挽肉,100g当り,99,106,0.08,,精肉,,verified_snapshot,user_uploaded_pdf_visual_verified,verified,https://chirashi-guide.com/chirashi-file/2026/09/351/351-1_15968215_1.jpg,351-1_15968215_1.jpg,6106b396d9dba163790ab7c38f9ed6ba7b41db8b2895fa7240ce1fe10e268769,Belx current flyer: visually verified from user-provided Tokubai PDF
belx_itabashi_nakadai,スーパーベルクス,板橋中台店,2026-09-17,2026-09-17,具沢山天丼,1パック,390,421,0.08,,惣菜,,verified_snapshot,user_uploaded_pdf_visual_verified,verified,https://chirashi-guide.com/chirashi-file/2026/09/351/351-1_15968215_1.jpg,351-1_15968215_1.jpg,6106b396d9dba163790ab7c38f9ed6ba7b41db8b2895fa7240ce1fe10e268769,Belx current flyer: visually verified from user-provided Tokubai PDF
belx_itabashi_nakadai,スーパーベルクス,板橋中台店,2026-09-17,2026-09-17,豚肉切り落とし,100g当り,99,106,0.08,,精肉,,verified_snapshot,user_uploaded_pdf_visual_verified,verified,https://chirashi-guide.com/chirashi-file/2026/09/351/351-1_15968215_1.jpg,351-1_15968215_1.jpg,6106b396d9dba163790ab7c38f9ed6ba7b41db8b2895fa7240ce1fe10e268769,Belx current flyer: visually verified from user-provided Tokubai PDF
belx_itabashi_nakadai,スーパーベルクス,板橋中台店,2026-09-17,2026-09-17,牛肉 肩またはモモうす切り,100g当り,299,322,0.08,,精肉,,verified_snapshot,user_uploaded_pdf_visual_verified,verified,https://chirashi-guide.com/chirashi-file/2026/09/351/351-1_15968215_1.jpg,351-1_15968215_1.jpg,6106b396d9dba163790ab7c38f9ed6ba7b41db8b2895fa7240ce1fe10e268769,Belx current flyer: visually verified from user-provided Tokubai PDF
belx_itabashi_nakadai,スーパーベルクス,板橋中台店,2026-09-17,2026-09-17,むきえび（バナメイ・養殖解凍）,200g入,500,540,0.08,,鮮魚,,verified_snapshot,user_uploaded_pdf_visual_verified,verified,https://chirashi-guide.com/chirashi-file/2026/09/351/351-1_15968215_1.jpg,351-1_15968215_1.jpg,6106b396d9dba163790ab7c38f9ed6ba7b41db8b2895fa7240ce1fe10e268769,Belx current flyer: visually verified from user-provided Tokubai PDF
belx_itabashi_nakadai,スーパーベルクス,板橋中台店,2026-09-17,2026-09-17,いちごミルクドーナツ,1袋,259,279,0.08,,菓子,,verified_snapshot,user_uploaded_pdf_visual_verified,verified,https://chirashi-guide.com/chirashi-file/2026/09/351/351-1_15968215_1.jpg,351-1_15968215_1.jpg,6106b396d9dba163790ab7c38f9ed6ba7b41db8b2895fa7240ce1fe10e268769,Belx current flyer: visually verified from user-provided Tokubai PDF
belx_itabashi_nakadai,スーパーベルクス,板橋中台店,2026-09-17,2026-09-17,低糖質米のおいしいごはん,1箱,999,1078,0.08,,米飯,,verified_snapshot,user_uploaded_pdf_visual_verified,verified,https://chirashi-guide.com/chirashi-file/2026/09/351/351-1_15968215_1.jpg,351-1_15968215_1.jpg,6106b396d9dba163790ab7c38f9ed6ba7b41db8b2895fa7240ce1fe10e268769,Belx current flyer: visually verified from user-provided Tokubai PDF
belx_itabashi_nakadai,スーパーベルクス,板橋中台店,2026-09-17,2026-09-17,ふっくら肉団子,1パック,290,313,0.08,,惣菜,,verified_snapshot,user_uploaded_pdf_visual_verified,verified,https://chirashi-guide.com/chirashi-file/2026/09/351/351-1_15968215_1.jpg,351-1_15968215_1.jpg,6106b396d9dba163790ab7c38f9ed6ba7b41db8b2895fa7240ce1fe10e268769,Belx current flyer: visually verified from user-provided Tokubai PDF
belx_itabashi_nakadai,スーパーベルクス,板橋中台店,2026-09-17,2026-09-17,刺身盛り,1パック,580,626,0.08,,鮮魚,,verified_snapshot,user_uploaded_pdf_visual_verified,verified,https://chirashi-guide.com/chirashi-file/2026/09/351/351-1_15968215_1.jpg,351-1_15968215_1.jpg,6106b396d9dba163790ab7c38f9ed6ba7b41db8b2895fa7240ce1fe10e268769,Belx current flyer: visually verified from user-provided Tokubai PDF
belx_itabashi_nakadai,スーパーベルクス,板橋中台店,2026-09-17,2026-09-17,冷凍ライスバーガー各種,各1個,129,139,0.08,,冷凍食品,,verified_snapshot,user_uploaded_pdf_visual_verified,verified,https://chirashi-guide.com/chirashi-file/2026/09/351/351-1_15968215_1.jpg,351-1_15968215_1.jpg,6106b396d9dba163790ab7c38f9ed6ba7b41db8b2895fa7240ce1fe10e268769,Belx current flyer: visually verified from user-provided Tokubai PDF
belx_itabashi_nakadai,スーパーベルクス,板橋中台店,2026-09-18,2026-09-18,秋田県産 長ねぎ（2本入）,1束,149,160,0.08,,青果,,verified_snapshot,user_uploaded_pdf_visual_verified,verified,https://chirashi-guide.com/chirashi-file/2026/09/351/351-1_15968215_1.jpg,351-1_15968215_1.jpg,4e0bb333c2d2b5db29c2672bba944b24bf76cd6885a99afcad00cf99f3ec323f,Belx current flyer: visually verified from user-provided Tokubai PDF
belx_itabashi_nakadai,スーパーベルクス,板橋中台店,2026-09-18,2026-09-18,明星 評判屋 5食パック各種,各5食,259,279,0.08,,加工食品,,verified_snapshot,user_uploaded_pdf_visual_verified,verified,https://chirashi-guide.com/chirashi-file/2026/09/351/351-1_15968215_1.jpg,351-1_15968215_1.jpg,4e0bb333c2d2b5db29c2672bba944b24bf76cd6885a99afcad00cf99f3ec323f,Belx current flyer: visually verified from user-provided Tokubai PDF
belx_itabashi_nakadai,スーパーベルクス,板橋中台店,2026-09-18,2026-09-18,森永乳業 MOW各種,各1個,88,95,0.08,,アイス,,verified_snapshot,user_uploaded_pdf_visual_verified,verified,https://chirashi-guide.com/chirashi-file/2026/09/351/351-1_15968215_1.jpg,351-1_15968215_1.jpg,4e0bb333c2d2b5db29c2672bba944b24bf76cd6885a99afcad00cf99f3ec323f,Belx current flyer: visually verified from user-provided Tokubai PDF
belx_itabashi_nakadai,スーパーベルクス,板橋中台店,2026-09-18,2026-09-18,フジパン ネオバターロール各種,各1袋,169,182,0.08,,パン,,verified_snapshot,user_uploaded_pdf_visual_verified,verified,https://chirashi-guide.com/chirashi-file/2026/09/351/351-1_15968215_1.jpg,351-1_15968215_1.jpg,4e0bb333c2d2b5db29c2672bba944b24bf76cd6885a99afcad00cf99f3ec323f,Belx current flyer: visually verified from user-provided Tokubai PDF
belx_itabashi_nakadai,スーパーベルクス,板橋中台店,2026-09-18,2026-09-18,国産 牛肉肩ロースうす切り,100g当り,499,538,0.08,,精肉,,verified_snapshot,user_uploaded_pdf_visual_verified,verified,https://chirashi-guide.com/chirashi-file/2026/09/351/351-1_15968215_1.jpg,351-1_15968215_1.jpg,4e0bb333c2d2b5db29c2672bba944b24bf76cd6885a99afcad00cf99f3ec323f,Belx current flyer: visually verified from user-provided Tokubai PDF
belx_itabashi_nakadai,スーパーベルクス,板橋中台店,2026-09-18,2026-09-18,果実飲料各種,各1本,129,139,0.08,,飲料,,verified_snapshot,user_uploaded_pdf_visual_verified,verified,https://chirashi-guide.com/chirashi-file/2026/09/351/351-1_15968215_1.jpg,351-1_15968215_1.jpg,4e0bb333c2d2b5db29c2672bba944b24bf76cd6885a99afcad00cf99f3ec323f,Belx current flyer: visually verified from user-provided Tokubai PDF
belx_itabashi_nakadai,スーパーベルクス,板橋中台店,2026-09-18,2026-09-18,モンテール 牛乳と卵のデザート各種,各1パック,179,193,0.08,,菓子,,verified_snapshot,user_uploaded_pdf_visual_verified,verified,https://chirashi-guide.com/chirashi-file/2026/09/351/351-1_15968215_1.jpg,351-1_15968215_1.jpg,4e0bb333c2d2b5db29c2672bba944b24bf76cd6885a99afcad00cf99f3ec323f,Belx current flyer: visually verified from user-provided Tokubai PDF
belx_itabashi_nakadai,スーパーベルクス,板橋中台店,2026-09-18,2026-09-18,かつおたたき（刺身用）,100g当り,199,214,0.08,,鮮魚,,verified_snapshot,user_uploaded_pdf_visual_verified,verified,https://chirashi-guide.com/chirashi-file/2026/09/351/351-1_15968215_1.jpg,351-1_15968215_1.jpg,4e0bb333c2d2b5db29c2672bba944b24bf76cd6885a99afcad00cf99f3ec323f,Belx current flyer: visually verified from user-provided Tokubai PDF
belx_itabashi_nakadai,スーパーベルクス,板橋中台店,2026-09-18,2026-09-18,ブラジル産 若鶏モモ肉（超メガ盛り・4枚入以上）,100g当り,88,95,0.08,,精肉,,verified_snapshot,user_uploaded_pdf_visual_verified,verified,https://chirashi-guide.com/chirashi-file/2026/09/351/351-1_15968215_1.jpg,351-1_15968215_1.jpg,4e0bb333c2d2b5db29c2672bba944b24bf76cd6885a99afcad00cf99f3ec323f,Belx current flyer: visually verified from user-provided Tokubai PDF
belx_itabashi_nakadai,スーパーベルクス,板橋中台店,2026-09-18,2026-09-18,鶏もも唐揚げ弁当,1パック,390,421,0.08,,惣菜,,verified_snapshot,user_uploaded_pdf_visual_verified,verified,https://chirashi-guide.com/chirashi-file/2026/09/351/351-1_15968215_1.jpg,351-1_15968215_1.jpg,4e0bb333c2d2b5db29c2672bba944b24bf76cd6885a99afcad00cf99f3ec323f,Belx current flyer: visually verified from user-provided Tokubai PDF
belx_itabashi_nakadai,スーパーベルクス,板橋中台店,2026-09-18,2026-09-18,豚肉バラ切り落とし（解凍）,100g当り,159,171,0.08,,精肉,,verified_snapshot,user_uploaded_pdf_visual_verified,verified,https://chirashi-guide.com/chirashi-file/2026/09/351/351-1_15968215_1.jpg,351-1_15968215_1.jpg,4e0bb333c2d2b5db29c2672bba944b24bf76cd6885a99afcad00cf99f3ec323f,Belx current flyer: visually verified from user-provided Tokubai PDF
belx_itabashi_nakadai,スーパーベルクス,板橋中台店,2026-09-18,2026-09-18,豚肉バラかたまり（解凍）,100g当り,159,171,0.08,,精肉,,verified_snapshot,user_uploaded_pdf_visual_verified,verified,https://chirashi-guide.com/chirashi-file/2026/09/351/351-1_15968215_1.jpg,351-1_15968215_1.jpg,4e0bb333c2d2b5db29c2672bba944b24bf76cd6885a99afcad00cf99f3ec323f,Belx current flyer: visually verified from user-provided Tokubai PDF
belx_itabashi_nakadai,スーパーベルクス,板橋中台店,2026-09-18,2026-09-18,豚肉モモ しゃぶしゃぶ用・切り落とし,100g当り,129,139,0.08,,精肉,,verified_snapshot,user_uploaded_pdf_visual_verified,verified,https://chirashi-guide.com/chirashi-file/2026/09/351/351-1_15968215_1.jpg,351-1_15968215_1.jpg,4e0bb333c2d2b5db29c2672bba944b24bf76cd6885a99afcad00cf99f3ec323f,Belx current flyer: visually verified from user-provided Tokubai PDF
belx_itabashi_nakadai,スーパーベルクス,板橋中台店,2026-09-18,2026-09-18,クラフト 100%パルメザンチーズ,1本,399,430,0.08,,日配食品,,verified_snapshot,user_uploaded_pdf_visual_verified,verified,https://chirashi-guide.com/chirashi-file/2026/09/351/351-1_15968215_1.jpg,351-1_15968215_1.jpg,4e0bb333c2d2b5db29c2672bba944b24bf76cd6885a99afcad00cf99f3ec323f,Belx current flyer: visually verified from user-provided Tokubai PDF
belx_itabashi_nakadai,スーパーベルクス,板橋中台店,2026-09-18,2026-09-18,ハーブ香る若鶏フライ,100g当り,149,160,0.08,,惣菜,,verified_snapshot,user_uploaded_pdf_visual_verified,verified,https://chirashi-guide.com/chirashi-file/2026/09/351/351-1_15968215_1.jpg,351-1_15968215_1.jpg,4e0bb333c2d2b5db29c2672bba944b24bf76cd6885a99afcad00cf99f3ec323f,Belx current flyer: visually verified from user-provided Tokubai PDF
belx_itabashi_nakadai,スーパーベルクス,板橋中台店,2026-09-18,2026-09-18,焼き餃子,10個入,290,313,0.08,,惣菜,,verified_snapshot,user_uploaded_pdf_visual_verified,verified,https://chirashi-guide.com/chirashi-file/2026/09/351/351-1_15968215_1.jpg,351-1_15968215_1.jpg,4e0bb333c2d2b5db29c2672bba944b24bf76cd6885a99afcad00cf99f3ec323f,Belx current flyer: visually verified from user-provided Tokubai PDF
belx_itabashi_nakadai,スーパーベルクス,板橋中台店,2026-09-18,2026-09-18,海鮮盛り,1パック,580,626,0.08,,鮮魚,,verified_snapshot,user_uploaded_pdf_visual_verified,verified,https://chirashi-guide.com/chirashi-file/2026/09/351/351-1_15968215_1.jpg,351-1_15968215_1.jpg,4e0bb333c2d2b5db29c2672bba944b24bf76cd6885a99afcad00cf99f3ec323f,Belx current flyer: visually verified from user-provided Tokubai PDF
belx_itabashi_nakadai,スーパーベルクス,板橋中台店,2026-09-18,2026-09-18,若鶏レバー,100g当り,29,31,0.08,,精肉,,verified_snapshot,user_uploaded_pdf_visual_verified,verified,https://chirashi-guide.com/chirashi-file/2026/09/351/351-1_15968215_1.jpg,351-1_15968215_1.jpg,4e0bb333c2d2b5db29c2672bba944b24bf76cd6885a99afcad00cf99f3ec323f,Belx current flyer: visually verified from user-provided Tokubai PDF
belx_itabashi_nakadai,スーパーベルクス,板橋中台店,2026-09-12,2026-09-13,豚肉バラ切り落とし（ジャンボパック・解凍含む）,100g当り,159,171,0.08,,精肉,,verified_snapshot,user_uploaded_pdf_visual_verified,verified,https://chirashi-guide.com/chirashi-file/2026/09/351/351-1_15968215_0.jpg,351-1_15968215_0.jpg,ec7bd990a2c21b0034548b45fd7cec9b474eb08c4231d26e8233b4d9567f6840,Belx current flyer: visually verified from user-provided Tokubai PDF
belx_itabashi_nakadai,スーパーベルクス,板橋中台店,2026-09-12,2026-09-13,国産 黒毛和牛 中落ちカルビ焼肉用（バラ）,100g当り,399,430,0.08,,精肉,,verified_snapshot,user_uploaded_pdf_visual_verified,verified,https://chirashi-guide.com/chirashi-file/2026/09/351/351-1_15968215_0.jpg,351-1_15968215_0.jpg,ec7bd990a2c21b0034548b45fd7cec9b474eb08c4231d26e8233b4d9567f6840,Belx current flyer: visually verified from user-provided Tokubai PDF
belx_itabashi_nakadai,スーパーベルクス,板橋中台店,2026-09-12,2026-09-13,国産 黒毛和牛 肩または肩ロース ステーキ用,100g当り,599,646,0.08,,精肉,,verified_snapshot,user_uploaded_pdf_visual_verified,verified,https://chirashi-guide.com/chirashi-file/2026/09/351/351-1_15968215_0.jpg,351-1_15968215_0.jpg,ec7bd990a2c21b0034548b45fd7cec9b474eb08c4231d26e8233b4d9567f6840,Belx current flyer: visually verified from user-provided Tokubai PDF
belx_itabashi_nakadai,スーパーベルクス,板橋中台店,2026-09-12,2026-09-13,アルゼンチン産 赤えび（刺身用・解凍）,100g当り,229,247,0.08,,鮮魚,,verified_snapshot,user_uploaded_pdf_visual_verified,verified,https://chirashi-guide.com/chirashi-file/2026/09/351/351-1_15968215_0.jpg,351-1_15968215_0.jpg,ec7bd990a2c21b0034548b45fd7cec9b474eb08c4231d26e8233b4d9567f6840,Belx current flyer: visually verified from user-provided Tokubai PDF
belx_itabashi_nakadai,スーパーベルクス,板橋中台店,2026-09-12,2026-09-13,チリ産 トラウトサーモン（刺身用・養殖・解凍）,100g当り,349,376,0.08,,鮮魚,,verified_snapshot,user_uploaded_pdf_visual_verified,verified,https://chirashi-guide.com/chirashi-file/2026/09/351/351-1_15968215_0.jpg,351-1_15968215_0.jpg,ec7bd990a2c21b0034548b45fd7cec9b474eb08c4231d26e8233b4d9567f6840,Belx current flyer: visually verified from user-provided Tokubai PDF
belx_itabashi_nakadai,スーパーベルクス,板橋中台店,2026-09-12,2026-09-13,ねぎとろ,100g当り,379,409,0.08,,鮮魚,,verified_snapshot,user_uploaded_pdf_visual_verified,verified,https://chirashi-guide.com/chirashi-file/2026/09/351/351-1_15968215_0.jpg,351-1_15968215_0.jpg,ec7bd990a2c21b0034548b45fd7cec9b474eb08c4231d26e8233b4d9567f6840,Belx current flyer: visually verified from user-provided Tokubai PDF
belx_itabashi_nakadai,スーパーベルクス,板橋中台店,2026-09-12,2026-09-13,北海道産 ほたて貝柱（解凍・生食用）,100g当り,599,646,0.08,,鮮魚,,verified_snapshot,user_uploaded_pdf_visual_verified,verified,https://chirashi-guide.com/chirashi-file/2026/09/351/351-1_15968215_0.jpg,351-1_15968215_0.jpg,ec7bd990a2c21b0034548b45fd7cec9b474eb08c4231d26e8233b4d9567f6840,Belx current flyer: visually verified from user-provided Tokubai PDF
belx_itabashi_nakadai,スーパーベルクス,板橋中台店,2026-09-12,2026-09-13,国産 若鶏ムネ肉,100g当り,79,85,0.08,,精肉,,verified_snapshot,user_uploaded_pdf_visual_verified,verified,https://chirashi-guide.com/chirashi-file/2026/09/351/351-1_15968215_0.jpg,351-1_15968215_0.jpg,ec7bd990a2c21b0034548b45fd7cec9b474eb08c4231d26e8233b4d9567f6840,Belx current flyer: visually verified from user-provided Tokubai PDF
belx_itabashi_nakadai,スーパーベルクス,板橋中台店,2026-09-12,2026-09-13,国産 若鶏骨付きモモ（解凍）,1本,399,430,0.08,,精肉,,verified_snapshot,user_uploaded_pdf_visual_verified,verified,https://chirashi-guide.com/chirashi-file/2026/09/351/351-1_15968215_0.jpg,351-1_15968215_0.jpg,ec7bd990a2c21b0034548b45fd7cec9b474eb08c4231d26e8233b4d9567f6840,Belx current flyer: visually verified from user-provided Tokubai PDF
belx_itabashi_nakadai,スーパーベルクス,板橋中台店,2026-09-12,2026-09-13,しらす干し,100g当り,299,322,0.08,,鮮魚,,verified_snapshot,user_uploaded_pdf_visual_verified,verified,https://chirashi-guide.com/chirashi-file/2026/09/351/351-1_15968215_0.jpg,351-1_15968215_0.jpg,ec7bd990a2c21b0034548b45fd7cec9b474eb08c4231d26e8233b4d9567f6840,Belx current flyer: visually verified from user-provided Tokubai PDF
belx_itabashi_nakadai,スーパーベルクス,板橋中台店,2026-09-12,2026-09-13,無着色たらこ・明太子,各100g,299,322,0.08,,鮮魚,,verified_snapshot,user_uploaded_pdf_visual_verified,verified,https://chirashi-guide.com/chirashi-file/2026/09/351/351-1_15968215_0.jpg,351-1_15968215_0.jpg,ec7bd990a2c21b0034548b45fd7cec9b474eb08c4231d26e8233b4d9567f6840,Belx current flyer: visually verified from user-provided Tokubai PDF
belx_itabashi_nakadai,スーパーベルクス,板橋中台店,2026-09-12,2026-09-13,真鯛（刺身用）,100g当り,499,538,0.08,,鮮魚,,verified_snapshot,user_uploaded_pdf_visual_verified,verified,https://chirashi-guide.com/chirashi-file/2026/09/351/351-1_15968215_0.jpg,351-1_15968215_0.jpg,ec7bd990a2c21b0034548b45fd7cec9b474eb08c4231d26e8233b4d9567f6840,Belx current flyer: visually verified from user-provided Tokubai PDF
belx_itabashi_nakadai,スーパーベルクス,板橋中台店,2026-09-12,2026-09-13,韓国産 冷凍かき,300g入,399,430,0.08,,鮮魚,,verified_snapshot,user_uploaded_pdf_visual_verified,verified,https://chirashi-guide.com/chirashi-file/2026/09/351/351-1_15968215_0.jpg,351-1_15968215_0.jpg,ec7bd990a2c21b0034548b45fd7cec9b474eb08c4231d26e8233b4d9567f6840,Belx current flyer: visually verified from user-provided Tokubai PDF
belx_itabashi_nakadai,スーパーベルクス,板橋中台店,2026-09-12,2026-09-13,鮭の炊き込みご飯弁当,1パック,390,421,0.08,,惣菜,,verified_snapshot,user_uploaded_pdf_visual_verified,verified,https://chirashi-guide.com/chirashi-file/2026/09/351/351-1_15968215_0.jpg,351-1_15968215_0.jpg,ec7bd990a2c21b0034548b45fd7cec9b474eb08c4231d26e8233b4d9567f6840,Belx current flyer: visually verified from user-provided Tokubai PDF
belx_itabashi_nakadai,スーパーベルクス,板橋中台店,2026-09-16,2026-09-18,サラダ本巻セット,1パック,390,421,0.08,,寿司,,verified_snapshot,user_uploaded_pdf_visual_verified,verified,https://chirashi-guide.com/chirashi-file/2026/09/351/351-1_15968215_1.jpg,351-1_15968215_1.jpg,3459a324ba712623b42730bc62e1d1b600ab5bfc1c89d1157723966928eeed79,Belx current flyer: visually verified from user-provided Tokubai PDF
belx_itabashi_nakadai,スーパーベルクス,板橋中台店,2026-09-15,2026-09-18,木内製菓 おはぎ各種,各1パック,249,268,0.08,,菓子,,verified_snapshot,user_uploaded_pdf_visual_verified,verified,https://chirashi-guide.com/chirashi-file/2026/09/351/351-1_15968215_1.jpg,351-1_15968215_1.jpg,5e958f45f646db39fec3bc6762fc96e267834b67214a75399a92ff5cc81e7b19,Belx current flyer: visually verified from user-provided Tokubai PDF
belx_itabashi_nakadai,スーパーベルクス,板橋中台店,2026-09-15,2026-09-18,サントリー 天然水,2L,99,106,0.08,,飲料,,verified_snapshot,user_uploaded_pdf_visual_verified,verified,https://chirashi-guide.com/chirashi-file/2026/09/351/351-1_15968215_1.jpg,351-1_15968215_1.jpg,5e958f45f646db39fec3bc6762fc96e267834b67214a75399a92ff5cc81e7b19,Belx current flyer: visually verified from user-provided Tokubai PDF
belx_itabashi_nakadai,スーパーベルクス,板橋中台店,2026-09-15,2026-09-18,サントリー 天然水 ケース,2L×6本,579,625,0.08,,飲料,,verified_snapshot,user_uploaded_pdf_visual_verified,verified,https://chirashi-guide.com/chirashi-file/2026/09/351/351-1_15968215_1.jpg,351-1_15968215_1.jpg,5e958f45f646db39fec3bc6762fc96e267834b67214a75399a92ff5cc81e7b19,Belx current flyer: visually verified from user-provided Tokubai PDF
belx_itabashi_nakadai,スーパーベルクス,板橋中台店,2026-09-15,2026-09-18,フードリエ 生ハムロース,1パック,249,268,0.08,,日配食品,,verified_snapshot,user_uploaded_pdf_visual_verified,verified,https://chirashi-guide.com/chirashi-file/2026/09/351/351-1_15968215_1.jpg,351-1_15968215_1.jpg,5e958f45f646db39fec3bc6762fc96e267834b67214a75399a92ff5cc81e7b19,Belx current flyer: visually verified from user-provided Tokubai PDF
belx_itabashi_nakadai,スーパーベルクス,板橋中台店,2026-09-15,2026-09-18,家族の定番 ポークウインナー,1袋,279,301,0.08,,日配食品,,verified_snapshot,user_uploaded_pdf_visual_verified,verified,https://chirashi-guide.com/chirashi-file/2026/09/351/351-1_15968215_1.jpg,351-1_15968215_1.jpg,5e958f45f646db39fec3bc6762fc96e267834b67214a75399a92ff5cc81e7b19,Belx current flyer: visually verified from user-provided Tokubai PDF
belx_itabashi_nakadai,スーパーベルクス,板橋中台店,2026-09-15,2026-09-18,マルちゃん正麺 中華そば,1袋,199,214,0.08,,加工食品,,verified_snapshot,user_uploaded_pdf_visual_verified,verified,https://chirashi-guide.com/chirashi-file/2026/09/351/351-1_15968215_1.jpg,351-1_15968215_1.jpg,5e958f45f646db39fec3bc6762fc96e267834b67214a75399a92ff5cc81e7b19,Belx current flyer: visually verified from user-provided Tokubai PDF
belx_itabashi_nakadai,スーパーベルクス,板橋中台店,2026-09-15,2026-09-18,アサヒ飲料 三ツ矢サイダー等,500ml,88,95,0.08,,飲料,,verified_snapshot,user_uploaded_pdf_visual_verified,verified,https://chirashi-guide.com/chirashi-file/2026/09/351/351-1_15968215_1.jpg,351-1_15968215_1.jpg,5e958f45f646db39fec3bc6762fc96e267834b67214a75399a92ff5cc81e7b19,Belx current flyer: visually verified from user-provided Tokubai PDF
